config_tag,marker,class,hemisphere,region,n_slices,mean_density,sd_density,min_density,max_density,cv,total_count
sigma2.0_nPeak2_prom500_min20.0_max250.0_exp5.0,DAPI,DAPI+,Left,Left: AAA,1,3948.631,,3948.631,3948.631,,1695
sigma2.0_nPeak2_prom500_min20.0_max250.0_exp5.0,DAPI,DAPI+,Left,Left: ACB,2,4744.856,1061.2937394557648,3994.408,5495.304,0.2236724864686652,1247
sigma2.0_nPeak2_prom500_min20.0_max250.0_exp5.0,DAPI,DAPI+,Left,Left: AD,2,4013.0935,691.8778224401327,3523.862,4502.325,0.17240510903624168,497
sigma2.0_nPeak2_prom500_min20.0_max250.0_exp5.0,DAPI,DAPI+,Left,Left: ADP,1,4741.743,,4741.743,4741.743,,265
sigma2.0_nPeak2_prom500_min20.0_max250.0_exp5.0,DAPI,DAPI+,Left,Left: AHN,3,4187.383333333334,373.64758012374904,3767.145,4482.133,0.089231758924328,4645
sigma2.0_nPeak2_prom500_min20.0_max250.0_exp5.0,DAPI,DAPI+,Left,Left: AI,5,3002.5854,363.8260666208511,2589.956,3580.938,0.12117093043243704,7620
sigma2.0_nPeak2_prom500_min20.0_max250.0_exp5.0,DAPI,DAPI+,Left,Left: AIp,5,3002.5854,363.8260666208511,2589.956,3580.938,0.12117093043243704,7620
sigma2.0_nPeak2_prom500_min20.0_max250.0_exp5.0,DAPI,DAPI+,Left,Left: AIp1,5,1802.0216,600.5597330543397,946.212,2400.006,0.33326999690477616,702
sigma2.0_nPeak2_prom500_min20.0_max250.0_exp5.0,DAPI,DAPI+,Left,Left: AIp2/3,5,3287.6044,400.8543316596441,2825.952,3858.67,0.12192900449325475,2729
sigma2.0_nPeak2_prom500_min20.0_max250.0_exp5.0,DAPI,DAPI+,Left,Left: AIp5,5,3088.5796,543.9262366817765,2652.137,3999.083,0.17610886139433687,2508
sigma2.0_nPeak2_prom500_min20.0_max250.0_exp5.0,DAPI,DAPI+,Left,Left: AIp6a,5,3470.4218,392.6938972312913,2972.828,3900.976,0.11315451546301701,1556
sigma2.0_nPeak2_prom500_min20.0_max250.0_exp5.0,DAPI,DAPI+,Left,Left: AIp6b,4,3035.1814999999997,2125.911605979656,0.0,4770.831,0.7004232221300954,125
sigma2.0_nPeak2_prom500_min20.0_max250.0_exp5.0,DAPI,DAPI+,Left,Left: AM,2,4113.909,1276.8962538937917,3211.007,5016.811,0.3103851480170786,1081
sigma2.0_nPeak2_prom500_min20.0_max250.0_exp5.0,DAPI,DAPI+,Left,Left: AMd,2,4019.9105,1345.0578120662694,3068.811,4971.01,0.33459894494324427,672
sigma2.0_nPeak2_prom500_min20.0_max250.0_exp5.0,DAPI,DAPI+,Left,Left: AMv,2,4284.5689999999995,1138.7106182871921,3479.379,5089.759,0.2657701669146167,409
sigma2.0_nPeak2_prom500_min20.0_max250.0_exp5.0,DAPI,DAPI+,Left,Left: APN,3,3278.4363333333336,2843.0814816009643,0.0,5065.991,0.8672065559712351,3608
sigma2.0_nPeak2_prom500_min20.0_max250.0_exp5.0,DAPI,DAPI+,Left,Left: ASO,1,3363.892,,3363.892,3363.892,,7
sigma2.0_nPeak2_prom500_min20.0_max250.0_exp5.0,DAPI,DAPI+,Left,Left: ATN,2,4072.0545,411.10551862082826,3781.359,4362.75,0.10095776434741437,7992
sigma2.0_nPeak2_prom500_min20.0_max250.0_exp5.0,DAPI,DAPI+,Left,Left: AUD,3,3997.9313333333334,63.06845615149729,3926.532,4046.05,0.015775272482960092,24846
sigma2.0_nPeak2_prom500_min20.0_max250.0_exp5.0,DAPI,DAPI+,Left,Left: AUDd,2,4529.8675,283.851753851372,4329.154,4730.581,0.06266226415041322,3577
sigma2.0_nPeak2_prom500_min20.0_max250.0_exp5.0,DAPI,DAPI+,Left,Left: AUDd1,1,2940.958,,2940.958,2940.958,,215
sigma2.0_nPeak2_prom500_min20.0_max250.0_exp5.0,DAPI,DAPI+,Left,Left: AUDd2/3,1,4419.077,,4419.077,4419.077,,630
sigma2.0_nPeak2_prom500_min20.0_max250.0_exp5.0,DAPI,DAPI+,Left,Left: AUDd4,1,5682.679,,5682.679,5682.679,,407
sigma2.0_nPeak2_prom500_min20.0_max250.0_exp5.0,DAPI,DAPI+,Left,Left: AUDd5,2,3657.263,602.8792416396502,3230.963,4083.563,0.16484437724048018,953
sigma2.0_nPeak2_prom500_min20.0_max250.0_exp5.0,DAPI,DAPI+,Left,Left: AUDd6a,2,4682.5965,217.95081605834886,4528.482,4836.711,0.04654486374351258,1143
sigma2.0_nPeak2_prom500_min20.0_max250.0_exp5.0,DAPI,DAPI+,Left,Left: AUDd6b,2,4516.6085,136.21068636674636,4420.293,4612.924,0.03015773591329564,229
sigma2.0_nPeak2_prom500_min20.0_max250.0_exp5.0,DAPI,DAPI+,Left,Left: AUDp,3,3952.5193333333336,132.9099999410629,3817.996,4083.755,0.03362665397235996,12413
sigma2.0_nPeak2_prom500_min20.0_max250.0_exp5.0,DAPI,DAPI+,Left,Left: AUDp1,3,2837.1656666666663,317.78488785078065,2520.838,3156.388,0.11200787165317007,1547
sigma2.0_nPeak2_prom500_min20.0_max250.0_exp5.0,DAPI,DAPI+,Left,Left: AUDp2/3,3,3916.248,33.71032335946973,3880.044,3946.733,0.008607811190575708,2754
sigma2.0_nPeak2_prom500_min20.0_max250.0_exp5.0,DAPI,DAPI+,Left,Left: AUDp4,3,4768.675666666667,99.4060583281186,4653.912,4827.939,0.02084563205314486,1699
sigma2.0_nPeak2_prom500_min20.0_max250.0_exp5.0,DAPI,DAPI+,Left,Left: AUDp5,3,4178.631333333334,296.26860534375453,3892.088,4483.751,0.07090087201050548,4527
sigma2.0_nPeak2_prom500_min20.0_max250.0_exp5.0,DAPI,DAPI+,Left,Left: AUDp6a,3,4344.3026666666665,255.84458511044025,4062.689,4562.419,0.05889197985064583,1624
sigma2.0_nPeak2_prom500_min20.0_max250.0_exp5.0,DAPI,DAPI+,Left,Left: AUDp6b,2,4109.477,56.988563922948806,4069.18,4149.774,0.013867595298124022,262
sigma2.0_nPeak2_prom500_min20.0_max250.0_exp5.0,DAPI,DAPI+,Left,Left: AUDpo,2,4101.611,127.96228576420452,4011.128,4192.094,0.031198055048176077,2756
sigma2.0_nPeak2_prom500_min20.0_max250.0_exp5.0,DAPI,DAPI+,Left,Left: AUDpo1,2,2870.699,756.9238681347023,2335.473,3405.925,0.26367232096945803,367
sigma2.0_nPeak2_prom500_min20.0_max250.0_exp5.0,DAPI,DAPI+,Left,Left: AUDpo2/3,2,4315.9285,261.3417165790802,4131.132,4500.725,0.06055283737417804,768
sigma2.0_nPeak2_prom500_min20.0_max250.0_exp5.0,DAPI,DAPI+,Left,Left: AUDpo4,2,5047.3544999999995,95.80377646262214,4979.611,5115.098,0.01898098825089899,401
sigma2.0_nPeak2_prom500_min20.0_max250.0_exp5.0,DAPI,DAPI+,Left,Left: AUDpo5,2,4050.0145,248.18528780832267,3874.521,4225.508,0.061280098579479816,891
sigma2.0_nPeak2_prom500_min20.0_max250.0_exp5.0,DAPI,DAPI+,Left,Left: AUDpo6a,2,4849.8385,27.024914070169018,4830.729,4868.948,0.005572332783899715,271
sigma2.0_nPeak2_prom500_min20.0_max250.0_exp5.0,DAPI,DAPI+,Left,Left: AUDpo6b,1,5032.012,,5032.012,5032.012,,58
sigma2.0_nPeak2_prom500_min20.0_max250.0_exp5.0,DAPI,DAPI+,Left,Left: AUDv,3,3809.885,145.34966552421105,3710.853,3976.751,0.03815067003970226,6100
sigma2.0_nPeak2_prom500_min20.0_max250.0_exp5.0,DAPI,DAPI+,Left,Left: AUDv1,3,2172.957,65.8685657730606,2101.95,2232.065,0.030312871250126255,424
sigma2.0_nPeak2_prom500_min20.0_max250.0_exp5.0,DAPI,DAPI+,Left,Left: AUDv2/3,3,3821.4773333333337,229.27044865035126,3645.659,4080.795,0.059995239707562806,1093
sigma2.0_nPeak2_prom500_min20.0_max250.0_exp5.0,DAPI,DAPI+,Left,Left: AUDv4,3,4256.092000000001,72.66569195982382,4176.47,4318.828,0.017073336751137855,717
sigma2.0_nPeak2_prom500_min20.0_max250.0_exp5.0,DAPI,DAPI+,Left,Left: AUDv5,3,3961.9373333333333,199.870693155183,3743.636,4135.947,0.05044771694736119,2096
sigma2.0_nPeak2_prom500_min20.0_max250.0_exp5.0,DAPI,DAPI+,Left,Left: AUDv6a,3,4171.192666666667,194.96189980181603,3997.055,4381.822,0.04674008500250273,1556
sigma2.0_nPeak2_prom500_min20.0_max250.0_exp5.0,DAPI,DAPI+,Left,Left: AUDv6b,3,4283.714,329.84072652872914,3944.297,4603.062,0.07699877408452785,214
sigma2.0_nPeak2_prom500_min20.0_max250.0_exp5.0,DAPI,DAPI+,Left,Left: AV,2,4341.3795,29.648280228370812,4320.415,4362.344,0.006829230254662328,2517
sigma2.0_nPeak2_prom500_min20.0_max250.0_exp5.0,DAPI,DAPI+,Left,Left: AVP,2,4949.5255,1164.2986913779896,4126.242,5772.809,0.23523440608155058,765
sigma2.0_nPeak2_prom500_min20.0_max250.0_exp5.0,DAPI,DAPI+,Left,Left: AVPV,2,4274.5869999999995,383.84301667218057,4003.169,4546.005,0.08979651523578315,1559
sigma2.0_nPeak2_prom500_min20.0_max250.0_exp5.0,DAPI,DAPI+,Left,Left: BAC,1,6001.967,,6001.967,6001.967,,122
sigma2.0_nPeak2_prom500_min20.0_max250.0_exp5.0,DAPI,DAPI+,Left,Left: BLA,3,1015.8673333333332,1759.533835082842,0.0,3047.602,1.7320508075688776,1252
sigma2.0_nPeak2_prom500_min20.0_max250.0_exp5.0,DAPI,DAPI+,Left,Left: BLAa,3,3522.2746666666667,560.641766428736,3047.878,4140.957,0.15917037127581646,2438
sigma2.0_nPeak2_prom500_min20.0_max250.0_exp5.0,DAPI,DAPI+,Left,Left: BLAp,1,0.0,,0.0,0.0,,0
sigma2.0_nPeak2_prom500_min20.0_max250.0_exp5.0,DAPI,DAPI+,Left,Left: BMA,3,0.0,0.0,0.0,0.0,,0
sigma2.0_nPeak2_prom500_min20.0_max250.0_exp5.0,DAPI,DAPI+,Left,Left: BMAa,3,3776.271,335.2345611717263,3408.341,4064.413,0.08877396806842683,2273
sigma2.0_nPeak2_prom500_min20.0_max250.0_exp5.0,DAPI,DAPI+,Left,Left: BS,5,1666.8066,924.9283031985776,539.634,3024.312,0.5549103916426643,57455
sigma2.0_nPeak2_prom500_min20.0_max250.0_exp5.0,DAPI,DAPI+,Left,Left: BST,2,2334.564,3301.572071027982,0.0,4669.128,1.414213562373095,2548
sigma2.0_nPeak2_prom500_min20.0_max250.0_exp5.0,DAPI,DAPI+,Left,Left: CA,5,2696.7692,249.27455073512817,2382.027,2990.702,0.09243451413459045,21871
sigma2.0_nPeak2_prom500_min20.0_max250.0_exp5.0,DAPI,DAPI+,Left,Left: CA1,5,2573.6241999999997,239.13325897749988,2263.151,2773.816,0.09291692974347222,13302
sigma2.0_nPeak2_prom500_min20.0_max250.0_exp5.0,DAPI,DAPI+,Left,Left: CA2,5,2596.589,215.51481378782304,2352.282,2900.15,0.08299920156321353,655
sigma2.0_nPeak2_prom500_min20.0_max250.0_exp5.0,DAPI,DAPI+,Left,Left: CA3,5,2940.6312000000003,262.73323779301296,2667.885,3361.939,0.08934586485820219,7914
sigma2.0_nPeak2_prom500_min20.0_max250.0_exp5.0,DAPI,DAPI+,Left,Left: CEA,3,3849.1763333333333,45.17319061493564,3803.291,3893.602,0.01173580701505984,7189
sigma2.0_nPeak2_prom500_min20.0_max250.0_exp5.0,DAPI,DAPI+,Left,Left: CEAc,3,3932.817333333334,170.022598466596,3750.628,4087.26,0.043231755776078754,1946
sigma2.0_nPeak2_prom500_min20.0_max250.0_exp5.0,DAPI,DAPI+,Left,Left: CEAl,3,3829.7636666666663,140.93974369330087,3723.254,3989.582,0.03680115953890476,1468
sigma2.0_nPeak2_prom500_min20.0_max250.0_exp5.0,DAPI,DAPI+,Left,Left: CEAm,3,3812.1316666666667,156.52857257808648,3641.835,3949.725,0.041060641726196015,3775
sigma2.0_nPeak2_prom500_min20.0_max250.0_exp5.0,DAPI,DAPI+,Left,Left: CH,5,2338.0638,1126.3493558087118,749.319,3350.119,0.48174449123617236,205946
sigma2.0_nPeak2_prom500_min20.0_max250.0_exp5.0,DAPI,DAPI+,Left,Left: CL,3,2544.8513333333335,2233.81111077041,0.0,4181.572,0.87777666282945,683
sigma2.0_nPeak2_prom500_min20.0_max250.0_exp5.0,DAPI,DAPI+,Left,Left: CLA,2,3845.48,358.7647675706185,3591.795,4099.165,0.09329518488475262,475
sigma2.0_nPeak2_prom500_min20.0_max250.0_exp5.0,DAPI,DAPI+,Left,Left: CM,3,4032.801333333333,719.9157568565461,3252.747,4671.656,0.17851505624788513,961
sigma2.0_nPeak2_prom500_min20.0_max250.0_exp5.0,DAPI,DAPI+,Left,Left: CNU,5,3442.3949999999995,1100.651442883259,1476.99,4006.346,0.31973420914312833,79222
sigma2.0_nPeak2_prom500_min20.0_max250.0_exp5.0,DAPI,DAPI+,Left,Left: COA,3,0.0,0.0,0.0,0.0,,0
sigma2.0_nPeak2_prom500_min20.0_max250.0_exp5.0,DAPI,DAPI+,Left,Left: COAa,3,3470.095333333333,479.30493149177323,3049.74,3992.057,0.13812442755898538,1744
sigma2.0_nPeak2_prom500_min20.0_max250.0_exp5.0,DAPI,DAPI+,Left,Left: CP,5,0.0,0.0,0.0,0.0,,0
sigma2.0_nPeak2_prom500_min20.0_max250.0_exp5.0,DAPI,DAPI+,Left,Left: CTX,5,3288.1413999999995,136.3085437135178,3200.814,3530.381,0.04145458699358787,209896
sigma2.0_nPeak2_prom500_min20.0_max250.0_exp5.0,DAPI,DAPI+,Left,Left: CTXpl,5,3432.8142,137.3444813223306,3228.621,3574.601,0.04000929654810057,207893
sigma2.0_nPeak2_prom500_min20.0_max250.0_exp5.0,DAPI,DAPI+,Left,Left: CTXsp,5,3212.8984,899.550483464269,1632.181,3782.057,0.2799809926962735,11723
sigma2.0_nPeak2_prom500_min20.0_max250.0_exp5.0,DAPI,DAPI+,Left,Left: DG,5,2829.2914,102.40442617045414,2705.89,2952.792,0.03619437226241671,9217
sigma2.0_nPeak2_prom500_min20.0_max250.0_exp5.0,DAPI,DAPI+,Left,Left: DG-mo,5,2292.3922,75.26133067983842,2192.314,2391.089,0.03283091378510118,5118
sigma2.0_nPeak2_prom500_min20.0_max250.0_exp5.0,DAPI,DAPI+,Left,Left: DG-po,5,4281.6272,690.8423727480822,3178.788,4919.697,0.16135042601282107,974
sigma2.0_nPeak2_prom500_min20.0_max250.0_exp5.0,DAPI,DAPI+,Left,Left: DG-sg,5,3911.8012000000003,208.70162238636286,3643.373,4164.825,0.05335179670847354,3125
sigma2.0_nPeak2_prom500_min20.0_max250.0_exp5.0,DAPI,DAPI+,Left,Left: DORpm,5,3231.9507999999996,774.7854801696401,2430.168,4402.2,0.23972687955820374,39829
sigma2.0_nPeak2_prom500_min20.0_max250.0_exp5.0,DAPI,DAPI+,Left,Left: DORsm,4,3872.801,231.90830418220645,3532.785,4054.406,0.059881285969045774,23181
sigma2.0_nPeak2_prom500_min20.0_max250.0_exp5.0,DAPI,DAPI+,Left,Left: ECT,2,3133.944,203.1673345840813,2990.283,3277.605,0.0648280041328375,2454
sigma2.0_nPeak2_prom500_min20.0_max250.0_exp5.0,DAPI,DAPI+,Left,Left: ECT1,2,1753.9279999999999,309.9998555128698,1534.725,1973.131,0.17674605543264593,198
sigma2.0_nPeak2_prom500_min20.0_max250.0_exp5.0,DAPI,DAPI+,Left,Left: ECT2/3,2,2924.157,115.34750078783674,2842.594,3005.72,0.039446411662519054,660
sigma2.0_nPeak2_prom500_min20.0_max250.0_exp5.0,DAPI,DAPI+,Left,Left: ECT5,2,3448.666,103.74670693569027,3375.306,3522.026,0.030083141404731645,893
sigma2.0_nPeak2_prom500_min20.0_max250.0_exp5.0,DAPI,DAPI+,Left,Left: ECT6a,2,3830.197,393.0566180310414,3552.264,4108.13,0.10262047044343708,633
sigma2.0_nPeak2_prom500_min20.0_max250.0_exp5.0,DAPI,DAPI+,Left,Left: ECT6b,2,4467.216,510.2015842566551,4106.449,4827.983,0.11421018913270706,70
sigma2.0_nPeak2_prom500_min20.0_max250.0_exp5.0,DAPI,DAPI+,Left,Left: ENT,1,2982.173,,2982.173,2982.173,,75
sigma2.0_nPeak2_prom500_min20.0_max250.0_exp5.0,DAPI,DAPI+,Left,Left: ENTl,1,2982.173,,2982.173,2982.173,,75
sigma2.0_nPeak2_prom500_min20.0_max250.0_exp5.0,DAPI,DAPI+,Left,Left: ENTl1,1,1199.353,,1199.353,1199.353,,3
sigma2.0_nPeak2_prom500_min20.0_max250.0_exp5.0,DAPI,DAPI+,Left,Left: ENTl2,1,3652.31,,3652.31,3652.31,,19
sigma2.0_nPeak2_prom500_min20.0_max250.0_exp5.0,DAPI,DAPI+,Left,Left: ENTl3,1,2644.594,,2644.594,2644.594,,35
sigma2.0_nPeak2_prom500_min20.0_max250.0_exp5.0,DAPI,DAPI+,Left,Left: ENTl5,1,4297.767,,4297.767,4297.767,,11
sigma2.0_nPeak2_prom500_min20.0_max250.0_exp5.0,DAPI,DAPI+,Left,Left: ENTl6a,1,4237.561,,4237.561,4237.561,,7
sigma2.0_nPeak2_prom500_min20.0_max250.0_exp5.0,DAPI,DAPI+,Left,Left: EP,5,2790.7599999999998,1572.299866434199,0.0,3660.421,0.563394869653499,4148
sigma2.0_nPeak2_prom500_min20.0_max250.0_exp5.0,DAPI,DAPI+,Left,Left: EPI,3,5115.4293333333335,659.9208880769977,4436.067,5754.018,0.1290059631508931,2712
sigma2.0_nPeak2_prom500_min20.0_max250.0_exp5.0,DAPI,DAPI+,Left,Left: EPd,5,3660.8864000000003,415.73931637782334,3102.133,4030.428,0.11356247393467968,2708
sigma2.0_nPeak2_prom500_min20.0_max250.0_exp5.0,DAPI,DAPI+,Left,Left: EPv,4,3693.88575,856.3646680071033,3204.445,4975.022,0.23183301432836773,1985
sigma2.0_nPeak2_prom500_min20.0_max250.0_exp5.0,DAPI,DAPI+,Left,Left: Eth,3,3588.15,312.1888304728405,3241.686,3847.602,0.08700551272183173,1000
sigma2.0_nPeak2_prom500_min20.0_max250.0_exp5.0,DAPI,DAPI+,Left,Left: FC,2,4039.9134999999997,1565.9141298885131,2932.645,5147.182,0.38761080649090957,319
sigma2.0_nPeak2_prom500_min20.0_max250.0_exp5.0,DAPI,DAPI+,Left,Left: FS,2,3599.422,121.95187812411935,3513.189,3685.655,0.03388096147773708,1909
sigma2.0_nPeak2_prom500_min20.0_max250.0_exp5.0,DAPI,DAPI+,Left,Left: GENd,3,4248.316,179.7474750003458,4064.868,4424.119,0.042310288359045274,3549
sigma2.0_nPeak2_prom500_min20.0_max250.0_exp5.0,DAPI,DAPI+,Left,Left: GENv,3,3239.9689999999996,2808.3604456481366,0.0,4977.593,0.8667862086483349,1625
sigma2.0_nPeak2_prom500_min20.0_max250.0_exp5.0,DAPI,DAPI+,Left,Left: GPe,4,1994.9862500000002,2306.075436218913,0.0,4120.493,1.1559355039258608,1579
sigma2.0_nPeak2_prom500_min20.0_max250.0_exp5.0,DAPI,DAPI+,Left,Left: GPi,3,2482.416333333333,2153.6367895028943,0.0,3851.524,0.8675566465561556,2144
sigma2.0_nPeak2_prom500_min20.0_max250.0_exp5.0,DAPI,DAPI+,Left,Left: GU,2,3931.9425,103.45184340793539,3858.791,4005.094,0.02631061960034649,880
sigma2.0_nPeak2_prom500_min20.0_max250.0_exp5.0,DAPI,DAPI+,Left,Left: GU1,1,1797.276,,1797.276,1797.276,,22
sigma2.0_nPeak2_prom500_min20.0_max250.0_exp5.0,DAPI,DAPI+,Left,Left: GU2/3,2,1485.431,2100.716666169429,0.0,2970.862,1.4142135623730951,80
sigma2.0_nPeak2_prom500_min20.0_max250.0_exp5.0,DAPI,DAPI+,Left,Left: GU4,2,1136.3245,1607.005519156826,0.0,2272.649,1.4142135623730951,23
sigma2.0_nPeak2_prom500_min20.0_max250.0_exp5.0,DAPI,DAPI+,Left,Left: GU5,2,3522.147,601.4240158839683,3096.876,3947.418,0.1707549446073569,273
sigma2.0_nPeak2_prom500_min20.0_max250.0_exp5.0,DAPI,DAPI+,Left,Left: GU6a,2,4557.842500000001,180.31576473647596,4430.34,4685.345,0.03956164890218913,437
sigma2.0_nPeak2_prom500_min20.0_max250.0_exp5.0,DAPI,DAPI+,Left,Left: GU6b,2,5207.584,578.2761682950461,4798.681,5616.487,0.11104500057897215,45
sigma2.0_nPeak2_prom500_min20.0_max250.0_exp5.0,DAPI,DAPI+,Left,Left: HIP,5,2743.0932000000003,182.87318733264317,2515.119,2934.621,0.06666677870538382,31407
sigma2.0_nPeak2_prom500_min20.0_max250.0_exp5.0,DAPI,DAPI+,Left,Left: HPF,5,2655.1456000000003,346.3914289908168,2082.41,2934.514,0.13046042710080258,34338
sigma2.0_nPeak2_prom500_min20.0_max250.0_exp5.0,DAPI,DAPI+,Left,Left: HY,5,3442.1664000000005,1098.3244771147095,1992.116,4643.154,0.3190794254207784,27714
sigma2.0_nPeak2_prom500_min20.0_max250.0_exp5.0,DAPI,DAPI+,Left,Left: IA,2,4217.978,606.7032751123071,3788.974,4646.982,0.14383746788444773,958
sigma2.0_nPeak2_prom500_min20.0_max250.0_exp5.0,DAPI,DAPI+,Left,Left: IAD,2,4250.531,143.22447852933468,4149.256,4351.806,0.033695667324702416,446
sigma2.0_nPeak2_prom500_min20.0_max250.0_exp5.0,DAPI,DAPI+,Left,Left: IB,5,1979.2256000000002,619.3985948840212,1211.757,2694.114,0.31294997138477854,59152
sigma2.0_nPeak2_prom500_min20.0_max250.0_exp5.0,DAPI,DAPI+,Left,Left: IGL,2,5225.777,563.7097686026029,4827.174,5624.38,0.10787099575864086,369
sigma2.0_nPeak2_prom500_min20.0_max250.0_exp5.0,DAPI,DAPI+,Left,Left: IIIn,2,0.0,0.0,0.0,0.0,,0
sigma2.0_nPeak2_prom500_min20.0_max250.0_exp5.0,DAPI,DAPI+,Left,Left: IIn,5,1332.3904,1396.7049711214247,0.0,2975.666,1.0482700649309877,2295
sigma2.0_nPeak2_prom500_min20.0_max250.0_exp5.0,DAPI,DAPI+,Left,Left: ILM,4,4114.359,225.0065603176939,3877.366,4403.541,0.054688120389517265,6691
sigma2.0_nPeak2_prom500_min20.0_max250.0_exp5.0,DAPI,DAPI+,Left,Left: IMD,3,3452.5823333333333,174.8651384534189,3257.14,3594.23,0.05064763749879744,747
sigma2.0_nPeak2_prom500_min20.0_max250.0_exp5.0,DAPI,DAPI+,Left,Left: In,4,951.78775,1903.5755,0.0,3807.151,2.0,296
sigma2.0_nPeak2_prom500_min20.0_max250.0_exp5.0,DAPI,DAPI+,Left,Left: Isocortex,5,3835.2712,273.2075763713372,3457.842,4113.274,0.07123552993366863,149927
sigma2.0_nPeak2_prom500_min20.0_max250.0_exp5.0,DAPI,DAPI+,Left,Left: LA,3,4447.105666666667,1077.2218431485383,3578.01,5652.31,0.24222987351590658,1622
sigma2.0_nPeak2_prom500_min20.0_max250.0_exp5.0,DAPI,DAPI+,Left,Left: LAT,3,3686.8366666666666,135.52086749402613,3557.919,3828.114,0.03675803398596253,10481
sigma2.0_nPeak2_prom500_min20.0_max250.0_exp5.0,DAPI,DAPI+,Left,Left: LD,2,3994.644,301.4763903724468,3781.468,4207.82,0.0754701521268095,3491
sigma2.0_nPeak2_prom500_min20.0_max250.0_exp5.0,DAPI,DAPI+,Left,Left: LGd,3,4249.715,181.8044871915982,4064.868,4428.316,0.04278039520099541,3550
sigma2.0_nPeak2_prom500_min20.0_max250.0_exp5.0,DAPI,DAPI+,Left,Left: LGd-co,3,4235.559333333334,259.9390602917026,3945.008,4446.052,0.06137065729336242,2025
sigma2.0_nPeak2_prom500_min20.0_max250.0_exp5.0,DAPI,DAPI+,Left,Left: LGd-ip,3,4062.421,180.62083791190884,3856.785,4195.393,0.04446137855035429,552
sigma2.0_nPeak2_prom500_min20.0_max250.0_exp5.0,DAPI,DAPI+,Left,Left: LGd-sh,3,4411.221333333334,256.90784127062653,4199.355,4696.977,0.058239617071423264,972
sigma2.0_nPeak2_prom500_min20.0_max250.0_exp5.0,DAPI,DAPI+,Left,Left: LGv,3,4673.878333333333,173.3250909283863,4483.449,4822.423,0.03708378322393636,1431
sigma2.0_nPeak2_prom500_min20.0_max250.0_exp5.0,DAPI,DAPI+,Left,Left: LH,3,4860.634333333333,242.0417133106052,4589.386,5054.589,0.049796322190033465,935
sigma2.0_nPeak2_prom500_min20.0_max250.0_exp5.0,DAPI,DAPI+,Left,Left: LHA,3,4118.748333333334,239.45815432833666,3869.475,4347.006,0.05813857389401148,7294
sigma2.0_nPeak2_prom500_min20.0_max250.0_exp5.0,DAPI,DAPI+,Left,Left: LP,3,3985.071,208.54543092333654,3820.026,4219.453,0.05233167261595503,3819
sigma2.0_nPeak2_prom500_min20.0_max250.0_exp5.0,DAPI,DAPI+,Left,Left: LPO,2,0.0,0.0,0.0,0.0,,0
sigma2.0_nPeak2_prom500_min20.0_max250.0_exp5.0,DAPI,DAPI+,Left,Left: LZ,5,4268.3206,298.55302218333026,3899.248,4522.309,0.06994625056593225,14635
sigma2.0_nPeak2_prom500_min20.0_max250.0_exp5.0,DAPI,DAPI+,Left,Left: MA,1,4201.83,,4201.83,4201.83,,108
sigma2.0_nPeak2_prom500_min20.0_max250.0_exp5.0,DAPI,DAPI+,Left,Left: MB,3,4039.3880000000004,279.89311615507773,3865.429,4362.257,0.06929097084882109,17008
sigma2.0_nPeak2_prom500_min20.0_max250.0_exp5.0,DAPI,DAPI+,Left,Left: MBmot,3,3999.1440000000002,78.32401096087969,3914.053,4068.228,0.01958519397172987,9833
sigma2.0_nPeak2_prom500_min20.0_max250.0_exp5.0,DAPI,DAPI+,Left,Left: MBsen,2,1861.557,2632.6391565305717,0.0,3723.114,1.414213562373095,2268
sigma2.0_nPeak2_prom500_min20.0_max250.0_exp5.0,DAPI,DAPI+,Left,Left: MD,5,2137.1274,1951.505033841522,0.0,3634.41,0.9131439865688503,3353
sigma2.0_nPeak2_prom500_min20.0_max250.0_exp5.0,DAPI,DAPI+,Left,Left: MEA,3,4613.2716666666665,1146.2995385606391,3851.131,5931.55,0.2484786549301358,4040
sigma2.0_nPeak2_prom500_min20.0_max250.0_exp5.0,DAPI,DAPI+,Left,Left: MED,5,3736.0784,434.74100239832455,3264.766,4450.389,0.11636292279046515,8266
sigma2.0_nPeak2_prom500_min20.0_max250.0_exp5.0,DAPI,DAPI+,Left,Left: MEPO,1,5377.746,,5377.746,5377.746,,268
sigma2.0_nPeak2_prom500_min20.0_max250.0_exp5.0,DAPI,DAPI+,Left,Left: MEZ,4,3115.8295,2087.885706563221,0.0,4326.357,0.6700898449556438,5594
sigma2.0_nPeak2_prom500_min20.0_max250.0_exp5.0,DAPI,DAPI+,Left,Left: MH,3,5341.238666666667,826.0379090582545,4428.198,6036.728,0.15465287372634184,1777
sigma2.0_nPeak2_prom500_min20.0_max250.0_exp5.0,DAPI,DAPI+,Left,Left: MPN,1,5892.411,,5892.411,5892.411,,67
sigma2.0_nPeak2_prom500_min20.0_max250.0_exp5.0,DAPI,DAPI+,Left,Left: MPO,2,4665.47,568.3498033007489,4263.586,5067.354,0.12182048181656915,1843
sigma2.0_nPeak2_prom500_min20.0_max250.0_exp5.0,DAPI,DAPI+,Left,Left: MPT,2,2250.6735,2848.2947039771884,236.625,4264.722,1.2655299420272148,28
sigma2.0_nPeak2_prom500_min20.0_max250.0_exp5.0,DAPI,DAPI+,Left,Left: MSC,3,0.0,0.0,0.0,0.0,,0
sigma2.0_nPeak2_prom500_min20.0_max250.0_exp5.0,DAPI,DAPI+,Left,Left: MTN,5,3867.9646000000002,270.409233152827,3623.411,4266.942,0.06990995552359167,5969
sigma2.0_nPeak2_prom500_min20.0_max250.0_exp5.0,DAPI,DAPI+,Left,Left: NDB,3,0.0,0.0,0.0,0.0,,0
sigma2.0_nPeak2_prom500_min20.0_max250.0_exp5.0,DAPI,DAPI+,Left,Left: NLOT,3,2149.61,1902.4406902912901,0.0,3616.414,0.885016672927317,1834
sigma2.0_nPeak2_prom500_min20.0_max250.0_exp5.0,DAPI,DAPI+,Left,Left: NLOT1,2,2787.6274999999996,736.5386867398754,2266.816,3308.439,0.2642170400241336,608
sigma2.0_nPeak2_prom500_min20.0_max250.0_exp5.0,DAPI,DAPI+,Left,Left: NLOT2,2,3674.6785,185.62330823606206,3543.423,3805.934,0.0505141628678705,1007
sigma2.0_nPeak2_prom500_min20.0_max250.0_exp5.0,DAPI,DAPI+,Left,Left: NLOT3,3,3537.815,511.5207622100982,3009.443,4030.629,0.1445866338997653,313
sigma2.0_nPeak2_prom500_min20.0_max250.0_exp5.0,DAPI,DAPI+,Left,Left: NOT,2,2883.1305,0.24960869375841524,2882.954,2883.307,8.657557948154453e-05,972
sigma2.0_nPeak2_prom500_min20.0_max250.0_exp5.0,DAPI,DAPI+,Left,Left: NPC,2,3732.0185,1056.3687407248005,2985.053,4478.984,0.28305560133873947,1797
sigma2.0_nPeak2_prom500_min20.0_max250.0_exp5.0,DAPI,DAPI+,Left,Left: OLF,5,2956.2906,409.035591410821,2414.935,3475.748,0.1383610905540954,23627
sigma2.0_nPeak2_prom500_min20.0_max250.0_exp5.0,DAPI,DAPI+,Left,Left: OP,2,4710.3814999999995,332.322509488147,4475.394,4945.369,0.07055108158185214,409
sigma2.0_nPeak2_prom500_min20.0_max250.0_exp5.0,DAPI,DAPI+,Left,Left: OT,2,2526.6059999999998,800.0333401565211,1960.897,3092.315,0.31664348939111253,4370
sigma2.0_nPeak2_prom500_min20.0_max250.0_exp5.0,DAPI,DAPI+,Left,Left: OV,2,2509.1865,3548.5255788234776,0.0,5018.373,1.414213562373095,34
sigma2.0_nPeak2_prom500_min20.0_max250.0_exp5.0,DAPI,DAPI+,Left,Left: PAA,3,2743.406333333334,378.9906964772797,2334.035,3082.052,0.13814603103900866,1324
sigma2.0_nPeak2_prom500_min20.0_max250.0_exp5.0,DAPI,DAPI+,Left,Left: PAG,3,3054.552333333333,2645.4911088348663,0.0,4611.924,0.866081448324026,619
sigma2.0_nPeak2_prom500_min20.0_max250.0_exp5.0,DAPI,DAPI+,Left,Left: PAL,5,3973.3182,162.3883118860468,3763.501,4149.671,0.04086969724348954,27772
sigma2.0_nPeak2_prom500_min20.0_max250.0_exp5.0,DAPI,DAPI+,Left,Left: PALc,2,4431.5435,403.68372584549434,4146.096,4716.991,0.0910932558476509,5090
sigma2.0_nPeak2_prom500_min20.0_max250.0_exp5.0,DAPI,DAPI+,Left,Left: PALd,5,3940.4294,226.75572012366078,3723.221,4286.535,0.057545941598055476,8652
sigma2.0_nPeak2_prom500_min20.0_max250.0_exp5.0,DAPI,DAPI+,Left,Left: PALm,3,4792.838,874.0345765294413,3993.126,5725.875,0.1823626370282996,945
sigma2.0_nPeak2_prom500_min20.0_max250.0_exp5.0,DAPI,DAPI+,Left,Left: PALv,4,1865.0125,2154.299769386563,0.0,3800.509,1.1551127777355719,7506
sigma2.0_nPeak2_prom500_min20.0_max250.0_exp5.0,DAPI,DAPI+,Left,Left: PCN,3,3596.305666666667,459.94288138564906,3091.719,3992.097,0.12789315592630354,1040
sigma2.0_nPeak2_prom500_min20.0_max250.0_exp5.0,DAPI,DAPI+,Left,Left: PERI,1,2179.806,,2179.806,2179.806,,352
sigma2.0_nPeak2_prom500_min20.0_max250.0_exp5.0,DAPI,DAPI+,Left,Left: PERI1,1,862.396,,862.396,862.396,,52
sigma2.0_nPeak2_prom500_min20.0_max250.0_exp5.0,DAPI,DAPI+,Left,Left: PERI2/3,1,2982.887,,2982.887,2982.887,,226
sigma2.0_nPeak2_prom500_min20.0_max250.0_exp5.0,DAPI,DAPI+,Left,Left: PERI5,1,2911.136,,2911.136,2911.136,,74
sigma2.0_nPeak2_prom500_min20.0_max250.0_exp5.0,DAPI,DAPI+,Left,Left: PF,2,4197.241,12.286687429897594,4188.553,4205.929,0.002927324742586283,3433
sigma2.0_nPeak2_prom500_min20.0_max250.0_exp5.0,DAPI,DAPI+,Left,Left: PIR,5,2862.519,502.0743023661937,2131.537,3457.625,0.1753959719974588,17463
sigma2.0_nPeak2_prom500_min20.0_max250.0_exp5.0,DAPI,DAPI+,Left,Left: PO,3,3494.4746666666665,150.7046569961702,3322.607,3604.031,0.04312655588369894,5400
sigma2.0_nPeak2_prom500_min20.0_max250.0_exp5.0,DAPI,DAPI+,Left,Left: POL,2,4298.438,216.58397865031495,4145.29,4451.586,0.05038667037894113,262
sigma2.0_nPeak2_prom500_min20.0_max250.0_exp5.0,DAPI,DAPI+,Left,Left: POST,1,4620.869,,4620.869,4620.869,,356
sigma2.0_nPeak2_prom500_min20.0_max250.0_exp5.0,DAPI,DAPI+,Left,Left: PPT,2,4338.317999999999,1032.4041848036065,3608.298,5068.338,0.237973376963977,1070
sigma2.0_nPeak2_prom500_min20.0_max250.0_exp5.0,DAPI,DAPI+,Left,Left: PR,3,3956.5769999999998,185.04315704991646,3746.691,4096.188,0.04676849636691425,859
sigma2.0_nPeak2_prom500_min20.0_max250.0_exp5.0,DAPI,DAPI+,Left,Left: PRC,3,3105.5196666666666,2690.32828609676,0.0,4726.668,0.8663053449551793,1422
sigma2.0_nPeak2_prom500_min20.0_max250.0_exp5.0,DAPI,DAPI+,Left,Left: PRT,3,4041.5203333333334,400.23488416970036,3687.926,4476.031,0.09903077336235935,8337
sigma2.0_nPeak2_prom500_min20.0_max250.0_exp5.0,DAPI,DAPI+,Left,Left: PS,2,4664.6565,777.0078220407433,4115.229,5214.084,0.1665734276555505,510
sigma2.0_nPeak2_prom500_min20.0_max250.0_exp5.0,DAPI,DAPI+,Left,Left: PT,2,3886.4645,296.16813976607966,3677.042,4095.887,0.07620502895783035,1649
sigma2.0_nPeak2_prom500_min20.0_max250.0_exp5.0,DAPI,DAPI+,Left,Left: PTLp,4,2875.53325,1922.4911413374357,0.0,4031.602,0.6685685659650904,6507
sigma2.0_nPeak2_prom500_min20.0_max250.0_exp5.0,DAPI,DAPI+,Left,Left: PVH,2,3125.2635,2679.0345537645644,1230.9,5019.627,0.8572187765174246,693
sigma2.0_nPeak2_prom500_min20.0_max250.0_exp5.0,DAPI,DAPI+,Left,Left: PVHd,2,4330.153,545.6926878179696,3944.29,4716.016,0.12602157194398664,862
sigma2.0_nPeak2_prom500_min20.0_max250.0_exp5.0,DAPI,DAPI+,Left,Left: PVR,5,2927.064,1995.322272856568,0.0,4897.644,0.6816804391214432,6388
sigma2.0_nPeak2_prom500_min20.0_max250.0_exp5.0,DAPI,DAPI+,Left,Left: PVT,4,4105.53175,380.22553043544684,3564.298,4375.734,0.09261298014208436,2875
sigma2.0_nPeak2_prom500_min20.0_max250.0_exp5.0,DAPI,DAPI+,Left,Left: PVZ,3,2159.2019999999998,2363.9329127069154,0.0,4685.027,1.0948178598884752,1297
sigma2.0_nPeak2_prom500_min20.0_max250.0_exp5.0,DAPI,DAPI+,Left,Left: PVa,2,2090.382,2956.246574940595,0.0,4180.764,1.414213562373095,230
sigma2.0_nPeak2_prom500_min20.0_max250.0_exp5.0,DAPI,DAPI+,Left,Left: PVi,2,1726.7939999999999,2004.0127427743566,309.743,3143.845,1.1605395564116836,339
sigma2.0_nPeak2_prom500_min20.0_max250.0_exp5.0,DAPI,DAPI+,Left,Left: PVpo,2,3355.16,674.5515849807189,2878.18,3832.14,0.20104900659900538,192
sigma2.0_nPeak2_prom500_min20.0_max250.0_exp5.0,DAPI,DAPI+,Left,Left: PeF,3,4360.686333333333,734.654808611727,3645.767,5113.602,0.16847228909724235,1553
sigma2.0_nPeak2_prom500_min20.0_max250.0_exp5.0,DAPI,DAPI+,Left,Left: PoT,1,3969.88,,3969.88,3969.88,,107
sigma2.0_nPeak2_prom500_min20.0_max250.0_exp5.0,DAPI,DAPI+,Left,Left: ProS,3,2475.35,290.61485446721395,2206.329,2783.578,0.11740354069816954,1053
sigma2.0_nPeak2_prom500_min20.0_max250.0_exp5.0,DAPI,DAPI+,Left,Left: RCH,2,4280.894,2293.4004356156383,2659.215,5902.573,0.5357293209352154,736
sigma2.0_nPeak2_prom500_min20.0_max250.0_exp5.0,DAPI,DAPI+,Left,Left: RE,3,3674.3636666666666,111.82248401074499,3561.608,3785.229,0.030433156365327563,1094
sigma2.0_nPeak2_prom500_min20.0_max250.0_exp5.0,DAPI,DAPI+,Left,Left: RH,2,4438.404,50.481767322470844,4402.708,4474.1,0.011373855855048536,409
sigma2.0_nPeak2_prom500_min20.0_max250.0_exp5.0,DAPI,DAPI+,Left,Left: RHP,3,2820.5589999999997,254.59654436185895,2547.284,3051.058,0.09026456966929569,4300
sigma2.0_nPeak2_prom500_min20.0_max250.0_exp5.0,DAPI,DAPI+,Left,Left: RPF,1,4529.559,,4529.559,4529.559,,49
sigma2.0_nPeak2_prom500_min20.0_max250.0_exp5.0,DAPI,DAPI+,Left,Left: RSP,5,4350.0122,195.41308569719698,4051.787,4579.964,0.04492242244681451,31823
sigma2.0_nPeak2_prom500_min20.0_max250.0_exp5.0,DAPI,DAPI+,Left,Left: RSPagl,5,4208.0764,633.2844150911186,3624.782,5136.546,0.15049261346374762,4647
sigma2.0_nPeak2_prom500_min20.0_max250.0_exp5.0,DAPI,DAPI+,Left,Left: RSPagl1,5,3636.0254,832.8849634495151,2878.464,5032.0,0.22906467139902684,675
sigma2.0_nPeak2_prom500_min20.0_max250.0_exp5.0,DAPI,DAPI+,Left,Left: RSPagl2/3,5,4694.787399999999,965.9350631762471,3381.875,5918.488,0.20574628431017927,1268
sigma2.0_nPeak2_prom500_min20.0_max250.0_exp5.0,DAPI,DAPI+,Left,Left: RSPagl5,5,3985.8694000000005,675.2479610752633,3318.159,5052.631,0.16941045812370653,1575
sigma2.0_nPeak2_prom500_min20.0_max250.0_exp5.0,DAPI,DAPI+,Left,Left: RSPagl6a,5,4451.619000000001,593.7381226681507,3854.216,5348.771,0.13337577242530205,1006
sigma2.0_nPeak2_prom500_min20.0_max250.0_exp5.0,DAPI,DAPI+,Left,Left: RSPagl6b,5,4804.9596,1221.7675265914136,3322.026,6381.067,0.25427217464875534,123
sigma2.0_nPeak2_prom500_min20.0_max250.0_exp5.0,DAPI,DAPI+,Left,Left: RSPd,5,4295.162,202.1788607866809,4082.451,4565.609,0.04707130040419451,8171
sigma2.0_nPeak2_prom500_min20.0_max250.0_exp5.0,DAPI,DAPI+,Left,Left: RSPd1,5,4085.4381999999996,383.2559712688116,3630.028,4614.31,0.09381024813172101,1368
sigma2.0_nPeak2_prom500_min20.0_max250.0_exp5.0,DAPI,DAPI+,Left,Left: RSPd2/3,5,4884.5216,515.3561970101845,4250.787,5386.165,0.10550801884266096,2242
sigma2.0_nPeak2_prom500_min20.0_max250.0_exp5.0,DAPI,DAPI+,Left,Left: RSPd5,5,3948.7352,242.4147505118038,3546.749,4196.464,0.061390480301592214,2559
sigma2.0_nPeak2_prom500_min20.0_max250.0_exp5.0,DAPI,DAPI+,Left,Left: RSPd6a,5,4355.2564,500.23962613961373,3918.266,5163.399,0.11485882349879876,1903
sigma2.0_nPeak2_prom500_min20.0_max250.0_exp5.0,DAPI,DAPI+,Left,Left: RSPd6b,5,4985.4742,1372.3615706193104,3813.339,7334.003,0.27527202339534934,99
sigma2.0_nPeak2_prom500_min20.0_max250.0_exp5.0,DAPI,DAPI+,Left,Left: RSPv,5,4402.3122,125.12850494471665,4217.774,4511.593,0.02842336010261077,19005
sigma2.0_nPeak2_prom500_min20.0_max250.0_exp5.0,DAPI,DAPI+,Left,Left: RSPv1,5,4096.6102,769.4817687776624,3084.756,4809.196,0.1878337774918547,4561
sigma2.0_nPeak2_prom500_min20.0_max250.0_exp5.0,DAPI,DAPI+,Left,Left: RSPv2/3,5,4927.978,705.0977805365011,4169.344,5680.434,0.1430805455171474,4838
sigma2.0_nPeak2_prom500_min20.0_max250.0_exp5.0,DAPI,DAPI+,Left,Left: RSPv5,5,4170.153,369.0426278270575,3747.469,4524.787,0.08849618415129074,6868
sigma2.0_nPeak2_prom500_min20.0_max250.0_exp5.0,DAPI,DAPI+,Left,Left: RSPv6a,5,4476.479,203.01728634281338,4236.323,4787.947,0.045352002398048416,2613
sigma2.0_nPeak2_prom500_min20.0_max250.0_exp5.0,DAPI,DAPI+,Left,Left: RSPv6b,5,4737.2384,1626.8552882699187,2905.931,6949.449,0.34341849636909105,125
sigma2.0_nPeak2_prom500_min20.0_max250.0_exp5.0,DAPI,DAPI+,Left,Left: RT,5,4479.537,385.4777389221069,4058.793,5031.483,0.0860530315794036,6392
sigma2.0_nPeak2_prom500_min20.0_max250.0_exp5.0,DAPI,DAPI+,Left,Left: SBPV,2,2615.902,1816.2094243318968,1331.648,3900.156,0.6942956671663911,611
sigma2.0_nPeak2_prom500_min20.0_max250.0_exp5.0,DAPI,DAPI+,Left,Left: SCH,3,4052.3153333333335,1495.4010996656832,2468.226,5439.524,0.3690238731830387,346
sigma2.0_nPeak2_prom500_min20.0_max250.0_exp5.0,DAPI,DAPI+,Left,Left: SCO,2,5646.215,560.2124184628543,5250.085,6042.345,0.09921910845811828,83
sigma2.0_nPeak2_prom500_min20.0_max250.0_exp5.0,DAPI,DAPI+,Left,Left: SCig,1,0.0,,0.0,0.0,,0
sigma2.0_nPeak2_prom500_min20.0_max250.0_exp5.0,DAPI,DAPI+,Left,Left: SCm,1,4397.301,,4397.301,4397.301,,605
sigma2.0_nPeak2_prom500_min20.0_max250.0_exp5.0,DAPI,DAPI+,Left,Left: SCop,1,3692.489,,3692.489,3692.489,,667
sigma2.0_nPeak2_prom500_min20.0_max250.0_exp5.0,DAPI,DAPI+,Left,Left: SCs,1,3707.893,,3707.893,3707.893,,2244
sigma2.0_nPeak2_prom500_min20.0_max250.0_exp5.0,DAPI,DAPI+,Left,Left: SCsg,1,3878.522,,3878.522,3878.522,,1100
sigma2.0_nPeak2_prom500_min20.0_max250.0_exp5.0,DAPI,DAPI+,Left,Left: SCzo,1,3384.292,,3384.292,3384.292,,477
sigma2.0_nPeak2_prom500_min20.0_max250.0_exp5.0,DAPI,DAPI+,Left,Left: SI,4,2775.01375,1852.8047109299594,0.0,3842.367,0.6676740650131767,5229
sigma2.0_nPeak2_prom500_min20.0_max250.0_exp5.0,DAPI,DAPI+,Left,Left: SMT,3,3613.9096666666665,201.274506854031,3381.687,3738.139,0.05569439344610929,1831
sigma2.0_nPeak2_prom500_min20.0_max250.0_exp5.0,DAPI,DAPI+,Left,Left: SO,2,4440.439,170.13979104841997,4320.132,4560.746,0.03831598430885324,358
sigma2.0_nPeak2_prom500_min20.0_max250.0_exp5.0,DAPI,DAPI+,Left,Left: SPA,2,4467.3105,825.5054477352044,3883.59,5051.031,0.18478801680232534,512
sigma2.0_nPeak2_prom500_min20.0_max250.0_exp5.0,DAPI,DAPI+,Left,Left: SS,3,3788.3866666666668,637.8625852911686,3400.195,4524.561,0.16837314704531267,32712
sigma2.0_nPeak2_prom500_min20.0_max250.0_exp5.0,DAPI,DAPI+,Left,Left: SSp,3,3743.456,246.99394363627613,3513.135,4004.288,0.06598019146913336,15778
sigma2.0_nPeak2_prom500_min20.0_max250.0_exp5.0,DAPI,DAPI+,Left,Left: SSp-bfd,3,3736.606333333333,237.71284274378885,3511.609,3985.265,0.06361730980949529,15435
sigma2.0_nPeak2_prom500_min20.0_max250.0_exp5.0,DAPI,DAPI+,Left,Left: SSp-bfd1,2,2469.3595,261.5439491184989,2284.42,2654.299,0.10591570369502655,799
sigma2.0_nPeak2_prom500_min20.0_max250.0_exp5.0,DAPI,DAPI+,Left,Left: SSp-bfd2/3,2,3456.601,391.2407678169542,3179.952,3733.25,0.11318655749302688,2540
sigma2.0_nPeak2_prom500_min20.0_max250.0_exp5.0,DAPI,DAPI+,Left,Left: SSp-bfd4,2,4688.9235,193.28834574412434,4552.248,4825.599,0.04122232869530167,3681
sigma2.0_nPeak2_prom500_min20.0_max250.0_exp5.0,DAPI,DAPI+,Left,Left: SSp-bfd5,2,3369.902,81.14191735471883,3312.526,3427.278,0.02407842048662508,2986
sigma2.0_nPeak2_prom500_min20.0_max250.0_exp5.0,DAPI,DAPI+,Left,Left: SSp-bfd6a,3,3734.2820000000006,511.6650136593274,3420.931,4324.731,0.13701831132713796,4793
sigma2.0_nPeak2_prom500_min20.0_max250.0_exp5.0,DAPI,DAPI+,Left,Left: SSp-bfd6b,3,3982.232666666667,398.42748875088074,3702.516,4438.419,0.10005128331298256,636
sigma2.0_nPeak2_prom500_min20.0_max250.0_exp5.0,DAPI,DAPI+,Left,Left: SSp-n,1,3070.582,,3070.582,3070.582,,17
sigma2.0_nPeak2_prom500_min20.0_max250.0_exp5.0,DAPI,DAPI+,Left,Left: SSp-n6a,1,2710.876,,2710.876,2710.876,,5
sigma2.0_nPeak2_prom500_min20.0_max250.0_exp5.0,DAPI,DAPI+,Left,Left: SSp-n6b,1,3250.282,,3250.282,3250.282,,12
sigma2.0_nPeak2_prom500_min20.0_max250.0_exp5.0,DAPI,DAPI+,Left,Left: SSp-tr,2,2362.1755,3340.620628805447,0.0,4724.351,1.4142135623730951,316
sigma2.0_nPeak2_prom500_min20.0_max250.0_exp5.0,DAPI,DAPI+,Left,Left: SSp-tr5,1,3338.394,,3338.394,3338.394,,7
sigma2.0_nPeak2_prom500_min20.0_max250.0_exp5.0,DAPI,DAPI+,Left,Left: SSp-tr6a,1,4776.137,,4776.137,4776.137,,236
sigma2.0_nPeak2_prom500_min20.0_max250.0_exp5.0,DAPI,DAPI+,Left,Left: SSp-tr6b,2,4808.2495,86.71886853793741,4746.93,4869.569,0.018035434421183303,83
sigma2.0_nPeak2_prom500_min20.0_max250.0_exp5.0,DAPI,DAPI+,Left,Left: SSs,3,3613.1603333333333,855.7210731040418,2940.472,4576.303,0.23683451443036116,16934
sigma2.0_nPeak2_prom500_min20.0_max250.0_exp5.0,DAPI,DAPI+,Left,Left: SSs1,2,1785.0704999999998,234.66257772491133,1619.139,1951.002,0.13145843692162934,1376
sigma2.0_nPeak2_prom500_min20.0_max250.0_exp5.0,DAPI,DAPI+,Left,Left: SSs2/3,2,2851.932,344.15876989842974,2608.575,3095.289,0.1206756577290166,3768
sigma2.0_nPeak2_prom500_min20.0_max250.0_exp5.0,DAPI,DAPI+,Left,Left: SSs4,2,4038.7780000000002,759.4326829943521,3501.778,4575.778,0.1880352628924769,2694
sigma2.0_nPeak2_prom500_min20.0_max250.0_exp5.0,DAPI,DAPI+,Left,Left: SSs5,3,3440.534333333333,544.3798938262996,2995.714,4047.588,0.15822539207126055,4005
sigma2.0_nPeak2_prom500_min20.0_max250.0_exp5.0,DAPI,DAPI+,Left,Left: SSs6a,3,4031.741666666667,645.7278663905819,3571.385,4769.875,0.16016102215310138,4508
sigma2.0_nPeak2_prom500_min20.0_max250.0_exp5.0,DAPI,DAPI+,Left,Left: SSs6b,3,4437.175,305.88510102324335,4155.201,4762.373,0.06893690265162933,583
sigma2.0_nPeak2_prom500_min20.0_max250.0_exp5.0,DAPI,DAPI+,Left,Left: STN,1,3974.518,,3974.518,3974.518,,164
sigma2.0_nPeak2_prom500_min20.0_max250.0_exp5.0,DAPI,DAPI+,Left,Left: STR,5,3843.1548000000003,183.4767044973283,3526.655,3980.449,0.047741169441659834,67322
sigma2.0_nPeak2_prom500_min20.0_max250.0_exp5.0,DAPI,DAPI+,Left,Left: STRd,5,4009.2946,169.74526777881024,3782.252,4179.071,0.04233793839415299,41531
sigma2.0_nPeak2_prom500_min20.0_max250.0_exp5.0,DAPI,DAPI+,Left,Left: STRv,2,2890.648,687.2639506928907,2404.679,3376.617,0.23775428578398017,7526
sigma2.0_nPeak2_prom500_min20.0_max250.0_exp5.0,DAPI,DAPI+,Left,Left: SUB,3,2827.153,293.5263264240533,2592.733,3156.361,0.10382399764853664,2816
sigma2.0_nPeak2_prom500_min20.0_max250.0_exp5.0,DAPI,DAPI+,Left,Left: TEa,3,3609.009666666667,190.6983093195462,3436.473,3813.765,0.05283951192507553,6132
sigma2.0_nPeak2_prom500_min20.0_max250.0_exp5.0,DAPI,DAPI+,Left,Left: TEa1,3,1894.1373333333333,510.6077099049066,1318.403,2292.085,0.2695726972480559,475
sigma2.0_nPeak2_prom500_min20.0_max250.0_exp5.0,DAPI,DAPI+,Left,Left: TEa2/3,3,3702.7059999999997,470.79991936596576,3360.961,4239.721,0.1271502299577568,1311
sigma2.0_nPeak2_prom500_min20.0_max250.0_exp5.0,DAPI,DAPI+,Left,Left: TEa4,3,3854.608,588.3588818238406,3462.212,4531.103,0.1526377991805757,588
sigma2.0_nPeak2_prom500_min20.0_max250.0_exp5.0,DAPI,DAPI+,Left,Left: TEa5,3,3895.0003333333334,450.7875651150258,3465.555,4364.462,0.11573492337271322,1962
sigma2.0_nPeak2_prom500_min20.0_max250.0_exp5.0,DAPI,DAPI+,Left,Left: TEa6a,3,4152.252666666666,333.47569085666953,3790.083,4446.611,0.08031199390483533,1588
sigma2.0_nPeak2_prom500_min20.0_max250.0_exp5.0,DAPI,DAPI+,Left,Left: TEa6b,2,4433.253,124.41260972264823,4345.28,4521.226,0.028063503193399574,208
sigma2.0_nPeak2_prom500_min20.0_max250.0_exp5.0,DAPI,DAPI+,Left,Left: TH,5,1610.1848,1593.8906077868705,109.007,3992.461,0.9898805452559672,36499
sigma2.0_nPeak2_prom500_min20.0_max250.0_exp5.0,DAPI,DAPI+,Left,Left: V3,5,1255.9512,860.4198082225328,360.407,2503.985,0.6850742355455632,510
sigma2.0_nPeak2_prom500_min20.0_max250.0_exp5.0,DAPI,DAPI+,Left,Left: VAL,3,3582.7973333333334,105.12728777217335,3474.223,3684.1,0.02934223680309762,1646
sigma2.0_nPeak2_prom500_min20.0_max250.0_exp5.0,DAPI,DAPI+,Left,Left: VENT,4,3839.4945,208.64014163067174,3532.785,4000.251,0.054340523636815144,19119
sigma2.0_nPeak2_prom500_min20.0_max250.0_exp5.0,DAPI,DAPI+,Left,Left: VIS,5,3986.7542000000003,505.783817215616,3165.102,4444.914,0.1268660649346318,29380
sigma2.0_nPeak2_prom500_min20.0_max250.0_exp5.0,DAPI,DAPI+,Left,Left: VISC,4,3497.007,283.3664988655741,3216.607,3747.07,0.08103115002788787,7218
sigma2.0_nPeak2_prom500_min20.0_max250.0_exp5.0,DAPI,DAPI+,Left,Left: VISC1,3,1796.6256666666668,581.8157386495602,1246.782,2405.858,0.3238380423057299,466
sigma2.0_nPeak2_prom500_min20.0_max250.0_exp5.0,DAPI,DAPI+,Left,Left: VISC2/3,4,3410.9232500000003,824.624447011436,2573.43,4416.47,0.2417598950698864,1552
sigma2.0_nPeak2_prom500_min20.0_max250.0_exp5.0,DAPI,DAPI+,Left,Left: VISC4,4,3145.64,875.229813676766,2076.041,4195.793,0.27823584824606945,537
sigma2.0_nPeak2_prom500_min20.0_max250.0_exp5.0,DAPI,DAPI+,Left,Left: VISC5,4,3484.77975,318.85682955560173,3006.507,3646.878,0.09149985147715627,2203
sigma2.0_nPeak2_prom500_min20.0_max250.0_exp5.0,DAPI,DAPI+,Left,Left: VISC6a,4,4199.777,497.7142028775146,3560.624,4689.581,0.11850967393685774,2259
sigma2.0_nPeak2_prom500_min20.0_max250.0_exp5.0,DAPI,DAPI+,Left,Left: VISC6b,4,3778.20275,739.4462276358686,2787.488,4346.056,0.1957137497811277,201
sigma2.0_nPeak2_prom500_min20.0_max250.0_exp5.0,DAPI,DAPI+,Left,Left: VISa,2,3820.0895,68.49531257319744,3771.656,3868.523,0.01793029000320475,4352
sigma2.0_nPeak2_prom500_min20.0_max250.0_exp5.0,DAPI,DAPI+,Left,Left: VISa1,2,3250.0785,126.69868594622446,3160.489,3339.668,0.038983269464483536,392
sigma2.0_nPeak2_prom500_min20.0_max250.0_exp5.0,DAPI,DAPI+,Left,Left: VISa2/3,2,3773.4015,445.49212138992965,3458.391,4088.412,0.11806115023538567,908
sigma2.0_nPeak2_prom500_min20.0_max250.0_exp5.0,DAPI,DAPI+,Left,Left: VISa4,2,3797.4145,522.001075114314,3428.304,4166.525,0.13746223255699738,495
sigma2.0_nPeak2_prom500_min20.0_max250.0_exp5.0,DAPI,DAPI+,Left,Left: VISa5,2,3474.2225,700.1481433528907,2979.143,3969.302,0.20152656985926798,1186
sigma2.0_nPeak2_prom500_min20.0_max250.0_exp5.0,DAPI,DAPI+,Left,Left: VISa6a,2,4362.3904999999995,27.839501082095307,4342.705,4382.076,0.00638170770867379,1138
sigma2.0_nPeak2_prom500_min20.0_max250.0_exp5.0,DAPI,DAPI+,Left,Left: VISa6b,2,4647.6825,91.46779768038554,4583.005,4712.36,0.019680302533657483,233
sigma2.0_nPeak2_prom500_min20.0_max250.0_exp5.0,DAPI,DAPI+,Left,Left: VISal,3,4247.859666666667,23.483667608218852,4221.694,4267.107,0.005528352970908451,5373
sigma2.0_nPeak2_prom500_min20.0_max250.0_exp5.0,DAPI,DAPI+,Left,Left: VISal1,3,2847.1973333333335,276.436365274783,2531.433,3045.536,0.09709069407955202,574
sigma2.0_nPeak2_prom500_min20.0_max250.0_exp5.0,DAPI,DAPI+,Left,Left: VISal2/3,3,4088.3559999999998,339.95818668918685,3696.067,4296.893,0.08315278480865826,1389
sigma2.0_nPeak2_prom500_min20.0_max250.0_exp5.0,DAPI,DAPI+,Left,Left: VISal4,3,5389.723,287.5912965077353,5145.306,5706.621,0.053359197960217125,953
sigma2.0_nPeak2_prom500_min20.0_max250.0_exp5.0,DAPI,DAPI+,Left,Left: VISal5,3,4121.492333333333,122.13142472899179,3987.548,4226.678,0.029632816186804783,1391
sigma2.0_nPeak2_prom500_min20.0_max250.0_exp5.0,DAPI,DAPI+,Left,Left: VISal6a,3,4768.035,152.23092655239273,4592.273,4858.162,0.03192739284682112,899
sigma2.0_nPeak2_prom500_min20.0_max250.0_exp5.0,DAPI,DAPI+,Left,Left: VISal6b,3,4343.849666666667,936.4917930085312,3262.528,4893.14,0.2155902862373148,167
sigma2.0_nPeak2_prom500_min20.0_max250.0_exp5.0,DAPI,DAPI+,Left,Left: VISam,2,3511.3239999999996,489.6318479919375,3165.102,3857.546,0.13944365373059778,2307
sigma2.0_nPeak2_prom500_min20.0_max250.0_exp5.0,DAPI,DAPI+,Left,Left: VISam1,2,3485.8630000000003,756.0272567361576,2951.271,4020.455,0.21688381234034657,524
sigma2.0_nPeak2_prom500_min20.0_max250.0_exp5.0,DAPI,DAPI+,Left,Left: VISam2/3,2,3658.8225,517.1404231004383,3293.149,4024.496,0.14134066987410246,756
sigma2.0_nPeak2_prom500_min20.0_max250.0_exp5.0,DAPI,DAPI+,Left,Left: VISam4,2,3220.3975,445.34504317944317,2905.491,3535.304,0.13828884265977823,174
sigma2.0_nPeak2_prom500_min20.0_max250.0_exp5.0,DAPI,DAPI+,Left,Left: VISam5,2,3077.5145,787.2622845815115,2520.836,3634.193,0.2558110724032369,515
sigma2.0_nPeak2_prom500_min20.0_max250.0_exp5.0,DAPI,DAPI+,Left,Left: VISam6a,2,4256.263,183.4574401652876,4126.539,4385.987,0.04310293799168134,304
sigma2.0_nPeak2_prom500_min20.0_max250.0_exp5.0,DAPI,DAPI+,Left,Left: VISam6b,1,4610.247,,4610.247,4610.247,,34
sigma2.0_nPeak2_prom500_min20.0_max250.0_exp5.0,DAPI,DAPI+,Left,Left: VISl,2,3946.9785,207.6793829548324,3800.127,4093.83,0.052617307886230535,1541
sigma2.0_nPeak2_prom500_min20.0_max250.0_exp5.0,DAPI,DAPI+,Left,Left: VISl1,2,3214.15,538.5282819109875,2833.353,3594.947,0.1675492064499129,256
sigma2.0_nPeak2_prom500_min20.0_max250.0_exp5.0,DAPI,DAPI+,Left,Left: VISl2/3,2,4323.715999999999,403.5062420434162,4038.394,4609.038,0.09332394681875873,504
sigma2.0_nPeak2_prom500_min20.0_max250.0_exp5.0,DAPI,DAPI+,Left,Left: VISl4,2,8626.493,6611.783572708501,3951.256,13301.73,0.7664509288662845,236
sigma2.0_nPeak2_prom500_min20.0_max250.0_exp5.0,DAPI,DAPI+,Left,Left: VISl5,1,3771.684,,3771.684,3771.684,,336
sigma2.0_nPeak2_prom500_min20.0_max250.0_exp5.0,DAPI,DAPI+,Left,Left: VISl6a,1,4401.443,,4401.443,4401.443,,175
sigma2.0_nPeak2_prom500_min20.0_max250.0_exp5.0,DAPI,DAPI+,Left,Left: VISl6b,1,4832.877,,4832.877,4832.877,,34
sigma2.0_nPeak2_prom500_min20.0_max250.0_exp5.0,DAPI,DAPI+,Left,Left: VISli,1,0.0,,0.0,0.0,,0
sigma2.0_nPeak2_prom500_min20.0_max250.0_exp5.0,DAPI,DAPI+,Left,Left: VISli1,1,0.0,,0.0,0.0,,0
sigma2.0_nPeak2_prom500_min20.0_max250.0_exp5.0,DAPI,DAPI+,Left,Left: VISp,3,4395.275333333334,185.7282498230501,4235.999,4599.285,0.042256340214799605,16937
sigma2.0_nPeak2_prom500_min20.0_max250.0_exp5.0,DAPI,DAPI+,Left,Left: VISp1,3,3090.5626666666667,122.50345003032912,2949.996,3174.552,0.03963791168242367,1903
sigma2.0_nPeak2_prom500_min20.0_max250.0_exp5.0,DAPI,DAPI+,Left,Left: VISp2/3,3,4449.297333333333,206.58371286801236,4268.297,4674.356,0.046430637781908715,4862
sigma2.0_nPeak2_prom500_min20.0_max250.0_exp5.0,DAPI,DAPI+,Left,Left: VISp4,3,5413.017,85.24515251320742,5354.334,5510.798,0.015748177497541097,3102
sigma2.0_nPeak2_prom500_min20.0_max250.0_exp5.0,DAPI,DAPI+,Left,Left: VISp5,3,4230.870666666667,295.28875560937536,3917.36,4503.724,0.0697938506926806,3726
sigma2.0_nPeak2_prom500_min20.0_max250.0_exp5.0,DAPI,DAPI+,Left,Left: VISp6a,3,4777.654333333333,183.1184624070802,4588.925,4954.592,0.03832811033009997,2753
sigma2.0_nPeak2_prom500_min20.0_max250.0_exp5.0,DAPI,DAPI+,Left,Left: VISp6b,3,5213.263333333333,227.55592497303508,5070.829,5475.703,0.043649420799071165,591
sigma2.0_nPeak2_prom500_min20.0_max250.0_exp5.0,DAPI,DAPI+,Left,Left: VISpm,3,4196.675666666667,648.0954673274098,3566.813,4861.582,0.15443067770881105,3222
sigma2.0_nPeak2_prom500_min20.0_max250.0_exp5.0,DAPI,DAPI+,Left,Left: VISpm1,3,1917.452,807.9187937552882,997.251,2510.426,0.4213502052490953,226
sigma2.0_nPeak2_prom500_min20.0_max250.0_exp5.0,DAPI,DAPI+,Left,Left: VISpm2/3,3,4392.696333333333,997.3333059836785,3428.533,5420.182,0.2270435355195306,834
sigma2.0_nPeak2_prom500_min20.0_max250.0_exp5.0,DAPI,DAPI+,Left,Left: VISpm4,3,5480.043333333332,511.41899779078733,5160.842,6069.914,0.0933238966706688,355
sigma2.0_nPeak2_prom500_min20.0_max250.0_exp5.0,DAPI,DAPI+,Left,Left: VISpm5,3,4472.357333333333,392.9497369770509,4174.173,4917.632,0.08786188304953217,1061
sigma2.0_nPeak2_prom500_min20.0_max250.0_exp5.0,DAPI,DAPI+,Left,Left: VISpm6a,3,4661.716333333333,1093.4274894506414,3689.887,5845.66,0.23455470287459393,617
sigma2.0_nPeak2_prom500_min20.0_max250.0_exp5.0,DAPI,DAPI+,Left,Left: VISpm6b,3,5116.215666666667,1617.7401345115145,3541.299,6773.623,0.31619858112148536,129
sigma2.0_nPeak2_prom500_min20.0_max250.0_exp5.0,DAPI,DAPI+,Left,Left: VISrl,4,2702.684,1829.4110303060197,0.0,4031.602,0.6768867652696429,2155
sigma2.0_nPeak2_prom500_min20.0_max250.0_exp5.0,DAPI,DAPI+,Left,Left: VISrl1,3,2504.557666666667,371.1783226487415,2126.54,2868.496,0.14820114848573054,289
sigma2.0_nPeak2_prom500_min20.0_max250.0_exp5.0,DAPI,DAPI+,Left,Left: VISrl2/3,3,3990.005333333333,537.0352742691425,3402.302,4455.206,0.1345951269244275,661
sigma2.0_nPeak2_prom500_min20.0_max250.0_exp5.0,DAPI,DAPI+,Left,Left: VISrl4,3,4494.553,905.8919357097734,3651.445,5452.313,0.20155328810446188,333
sigma2.0_nPeak2_prom500_min20.0_max250.0_exp5.0,DAPI,DAPI+,Left,Left: VISrl5,3,3489.4483333333333,464.3570362967846,2957.23,3811.995,0.13307462725868835,414
sigma2.0_nPeak2_prom500_min20.0_max250.0_exp5.0,DAPI,DAPI+,Left,Left: VISrl6a,2,3521.246,1163.2302530316174,2698.718,4343.774,0.3303462050170926,364
sigma2.0_nPeak2_prom500_min20.0_max250.0_exp5.0,DAPI,DAPI+,Left,Left: VISrl6b,2,5104.7675,315.2416380818051,4881.858,5327.677,0.061754357682657454,97
sigma2.0_nPeak2_prom500_min20.0_max250.0_exp5.0,DAPI,DAPI+,Left,Left: VL,5,1679.4944,1371.8504394861343,5.346,3124.983,0.8168234675186379,968
sigma2.0_nPeak2_prom500_min20.0_max250.0_exp5.0,DAPI,DAPI+,Left,Left: VM,3,3655.402666666667,230.45081190860097,3445.62,3902.072,0.06304389226666163,3956
sigma2.0_nPeak2_prom500_min20.0_max250.0_exp5.0,DAPI,DAPI+,Left,Left: VMH,1,4543.527,,4543.527,4543.527,,87
sigma2.0_nPeak2_prom500_min20.0_max250.0_exp5.0,DAPI,DAPI+,Left,Left: VP,4,3061.04175,2046.2650318529736,0.0,4282.97,0.6684864823725366,13354
sigma2.0_nPeak2_prom500_min20.0_max250.0_exp5.0,DAPI,DAPI+,Left,Left: VPL,4,3711.4805,504.8246241567463,2994.665,4117.506,0.1360170487644341,3301
sigma2.0_nPeak2_prom500_min20.0_max250.0_exp5.0,DAPI,DAPI+,Left,Left: VPLpc,1,2592.153,,2592.153,2592.153,,13
sigma2.0_nPeak2_prom500_min20.0_max250.0_exp5.0,DAPI,DAPI+,Left,Left: VPM,3,4176.0560000000005,242.52607703915075,4014.788,4454.966,0.05807538908461733,9601
sigma2.0_nPeak2_prom500_min20.0_max250.0_exp5.0,DAPI,DAPI+,Left,Left: VPMpc,1,3223.981,,3223.981,3223.981,,495
sigma2.0_nPeak2_prom500_min20.0_max250.0_exp5.0,DAPI,DAPI+,Left,Left: VS,5,1414.9536,903.4690627994962,151.125,2437.548,0.6385149751903498,1478
sigma2.0_nPeak2_prom500_min20.0_max250.0_exp5.0,DAPI,DAPI+,Left,Left: Xi,3,3600.452333333333,349.2531804541416,3204.831,3866.017,0.09700258415330823,351
sigma2.0_nPeak2_prom500_min20.0_max250.0_exp5.0,DAPI,DAPI+,Left,Left: ZI,3,4833.173333333333,322.2260878906818,4565.62,5190.872,0.06666967345622789,4068
sigma2.0_nPeak2_prom500_min20.0_max250.0_exp5.0,DAPI,DAPI+,Left,Left: aco,1,4746.869,,4746.869,4746.869,,77
sigma2.0_nPeak2_prom500_min20.0_max250.0_exp5.0,DAPI,DAPI+,Left,Left: act,2,4759.7645,912.5842336247651,4114.47,5405.059,0.1917288625571213,1567
sigma2.0_nPeak2_prom500_min20.0_max250.0_exp5.0,DAPI,DAPI+,Left,Left: alv,5,3896.5026,335.71721079325056,3423.108,4318.94,0.08615860048271251,2727
sigma2.0_nPeak2_prom500_min20.0_max250.0_exp5.0,DAPI,DAPI+,Left,Left: amc,3,4096.272333333333,506.83264624956166,3519.474,4470.445,0.12373021249715778,648
sigma2.0_nPeak2_prom500_min20.0_max250.0_exp5.0,DAPI,DAPI+,Left,Left: ar,3,4570.390333333333,328.71612552829424,4200.664,4829.625,0.07192298721858861,2814
sigma2.0_nPeak2_prom500_min20.0_max250.0_exp5.0,DAPI,DAPI+,Left,Left: bsc,3,3800.131,963.258753119327,2696.24,4470.127,0.25348040715420783,588
sigma2.0_nPeak2_prom500_min20.0_max250.0_exp5.0,DAPI,DAPI+,Left,Left: cc,5,4561.0628,191.03809643811934,4273.44,4807.188,0.04188455735319394,13042
sigma2.0_nPeak2_prom500_min20.0_max250.0_exp5.0,DAPI,DAPI+,Left,Left: ccb,2,4108.8765,531.1510368628688,3733.296,4484.457,0.12926916563758212,3289
sigma2.0_nPeak2_prom500_min20.0_max250.0_exp5.0,DAPI,DAPI+,Left,Left: ccs,5,4151.1764,1064.2111916646525,2689.318,5211.661,0.25636376032217095,3167
sigma2.0_nPeak2_prom500_min20.0_max250.0_exp5.0,DAPI,DAPI+,Left,Left: chpl,5,1413.401,2946.8764954777967,0.0,6682.167,2.0849543020542622,61
sigma2.0_nPeak2_prom500_min20.0_max250.0_exp5.0,DAPI,DAPI+,Left,Left: cing,5,4409.871,379.775231306624,3994.297,4956.565,0.08611935163332986,2206
sigma2.0_nPeak2_prom500_min20.0_max250.0_exp5.0,DAPI,DAPI+,Left,Left: cm,5,1901.827,883.3177112701294,862.296,3037.575,0.4644574460611451,2963
sigma2.0_nPeak2_prom500_min20.0_max250.0_exp5.0,DAPI,DAPI+,Left,Left: cst,5,1599.4994000000002,2190.501468035756,0.0,4049.735,1.369491897299715,3299
sigma2.0_nPeak2_prom500_min20.0_max250.0_exp5.0,DAPI,DAPI+,Left,Left: dhc,5,0.0,0.0,0.0,0.0,,0
sigma2.0_nPeak2_prom500_min20.0_max250.0_exp5.0,DAPI,DAPI+,Left,Left: ec,5,693.4174,1550.5284431811626,0.0,3467.087,2.2360679774997894,164
sigma2.0_nPeak2_prom500_min20.0_max250.0_exp5.0,DAPI,DAPI+,Left,Left: ee,3,3245.142333333333,341.90451718328217,2852.838,3479.657,0.10535886628802686,212
sigma2.0_nPeak2_prom500_min20.0_max250.0_exp5.0,DAPI,DAPI+,Left,Left: em,4,4324.3005,1111.6537680628505,3019.529,5733.661,0.257071350167004,339
sigma2.0_nPeak2_prom500_min20.0_max250.0_exp5.0,DAPI,DAPI+,Left,Left: eps,3,0.0,0.0,0.0,0.0,,0
sigma2.0_nPeak2_prom500_min20.0_max250.0_exp5.0,DAPI,DAPI+,Left,Left: epsc,3,0.0,0.0,0.0,0.0,,0
sigma2.0_nPeak2_prom500_min20.0_max250.0_exp5.0,DAPI,DAPI+,Left,Left: fa,5,3027.0504,1720.4081842624732,0.0,4244.706,0.5683447438676519,954
sigma2.0_nPeak2_prom500_min20.0_max250.0_exp5.0,DAPI,DAPI+,Left,Left: fi,5,3732.8386,1033.4411545508044,2357.595,5131.16,0.27685128270769715,3529
sigma2.0_nPeak2_prom500_min20.0_max250.0_exp5.0,DAPI,DAPI+,Left,Left: fiber tracts,5,4051.1528,195.54883032045996,3717.939,4198.38,0.04826992216152893,57683
sigma2.0_nPeak2_prom500_min20.0_max250.0_exp5.0,DAPI,DAPI+,Left,Left: fp,3,4969.595333333334,144.86199293580574,4806.302,5082.65,0.029149655700163462,5256
sigma2.0_nPeak2_prom500_min20.0_max250.0_exp5.0,DAPI,DAPI+,Left,Left: fr,3,1507.4470000000001,2610.9747937172815,0.0,4522.341,1.7320508075688772,179
sigma2.0_nPeak2_prom500_min20.0_max250.0_exp5.0,DAPI,DAPI+,Left,Left: fx,5,1945.5777999999998,2664.3875197692623,0.0,4920.052,1.3694582245794862,558
sigma2.0_nPeak2_prom500_min20.0_max250.0_exp5.0,DAPI,DAPI+,Left,Left: fxpo,5,4370.2658,533.4766243985763,3508.981,4816.56,0.12206960601768804,892
sigma2.0_nPeak2_prom500_min20.0_max250.0_exp5.0,DAPI,DAPI+,Left,Left: fxs,5,4053.3142,219.51694019186738,3815.864,4388.142,0.054157395494251935,9797
sigma2.0_nPeak2_prom500_min20.0_max250.0_exp5.0,DAPI,DAPI+,Left,Left: grey,5,719.1188,1262.2896360680063,0.0,2914.715,1.7553283769914045,89343
sigma2.0_nPeak2_prom500_min20.0_max250.0_exp5.0,DAPI,DAPI+,Left,Left: hbc,1,448.325,,448.325,448.325,,31
sigma2.0_nPeak2_prom500_min20.0_max250.0_exp5.0,DAPI,DAPI+,Left,Left: hc,5,4580.6198,377.0933589559752,3928.445,4854.844,0.08232365387670358,2649
sigma2.0_nPeak2_prom500_min20.0_max250.0_exp5.0,DAPI,DAPI+,Left,Left: int,5,2582.0752,2374.1262719103,0.0,4727.451,0.9194644183524554,4486
sigma2.0_nPeak2_prom500_min20.0_max250.0_exp5.0,DAPI,DAPI+,Left,Left: lfbs,5,4438.2648,45.20189756193883,4378.961,4504.514,0.010184587806013473,31261
sigma2.0_nPeak2_prom500_min20.0_max250.0_exp5.0,DAPI,DAPI+,Left,Left: lfbst,5,3582.3666,2004.1443075742573,0.0,4607.505,0.5594470168335808,9837
sigma2.0_nPeak2_prom500_min20.0_max250.0_exp5.0,DAPI,DAPI+,Left,Left: lot,4,0.0,0.0,0.0,0.0,,0
sigma2.0_nPeak2_prom500_min20.0_max250.0_exp5.0,DAPI,DAPI+,Left,Left: lotg,4,2061.45075,1349.7015715669334,876.762,3559.401,0.6547338429341246,462
sigma2.0_nPeak2_prom500_min20.0_max250.0_exp5.0,DAPI,DAPI+,Left,Left: mct,2,4084.938,209.71231495074403,3936.649,4233.227,0.05133794318316313,56
sigma2.0_nPeak2_prom500_min20.0_max250.0_exp5.0,DAPI,DAPI+,Left,Left: mfb,2,4693.1865,160.3555545171417,4579.798,4806.575,0.03416773540048786,5
sigma2.0_nPeak2_prom500_min20.0_max250.0_exp5.0,DAPI,DAPI+,Left,Left: mfbc,5,4218.1666,179.84837794458954,3938.003,4400.088,0.04263662273192092,15934
sigma2.0_nPeak2_prom500_min20.0_max250.0_exp5.0,DAPI,DAPI+,Left,Left: mfbs,5,4163.6532,304.84265435171625,3637.791,4418.494,0.07321518861170193,18059
sigma2.0_nPeak2_prom500_min20.0_max250.0_exp5.0,DAPI,DAPI+,Left,Left: mfbse,5,2226.3204,2306.501354249505,0.0,4671.93,1.0360150112488322,598
sigma2.0_nPeak2_prom500_min20.0_max250.0_exp5.0,DAPI,DAPI+,Left,Left: mfbsma,3,0.0,0.0,0.0,0.0,,0
sigma2.0_nPeak2_prom500_min20.0_max250.0_exp5.0,DAPI,DAPI+,Left,Left: mfsbshy,5,3963.5204,927.0266034282943,2370.227,4683.166,0.2338897015462048,2125
sigma2.0_nPeak2_prom500_min20.0_max250.0_exp5.0,DAPI,DAPI+,Left,Left: mtt,3,3727.019666666667,151.21155301541413,3570.377,3872.141,0.04057170783610411,415
sigma2.0_nPeak2_prom500_min20.0_max250.0_exp5.0,DAPI,DAPI+,Left,Left: nst,3,4176.5813333333335,583.026014224351,3738.721,4838.375,0.13959407651689076,333
sigma2.0_nPeak2_prom500_min20.0_max250.0_exp5.0,DAPI,DAPI+,Left,Left: och,3,1195.8566666666668,500.5909221373609,618.758,1512.851,0.4186044499235088,181
sigma2.0_nPeak2_prom500_min20.0_max250.0_exp5.0,DAPI,DAPI+,Left,Left: opt,3,1875.5763333333332,1433.4616979247592,311.285,3126.291,0.7642779834917014,1512
sigma2.0_nPeak2_prom500_min20.0_max250.0_exp5.0,DAPI,DAPI+,Left,Left: or,5,4600.176799999999,267.2415582159706,4344.924,5040.62,0.058093758095552034,7281
sigma2.0_nPeak2_prom500_min20.0_max250.0_exp5.0,DAPI,DAPI+,Left,Left: pc,2,2836.446,1751.5388523381375,1597.921,4074.971,0.6175117919883324,129
sigma2.0_nPeak2_prom500_min20.0_max250.0_exp5.0,DAPI,DAPI+,Left,Left: root,5,3695.8694000000005,107.98836080939472,3524.299,3806.985,0.02921866254510906,508502
sigma2.0_nPeak2_prom500_min20.0_max250.0_exp5.0,DAPI,DAPI+,Left,Left: sAMY,3,3926.966,123.06475649429434,3821.24,4062.057,0.03133838095218913,13882
sigma2.0_nPeak2_prom500_min20.0_max250.0_exp5.0,DAPI,DAPI+,Left,Left: scwm,5,4962.854,478.2687267274543,4303.817,5545.162,0.09636969508421046,1455
sigma2.0_nPeak2_prom500_min20.0_max250.0_exp5.0,DAPI,DAPI+,Left,Left: sm,2,4613.4655,99.22475907000184,4543.303,4683.628,0.021507640854798164,1107
sigma2.0_nPeak2_prom500_min20.0_max250.0_exp5.0,DAPI,DAPI+,Left,Left: st,5,4705.649,914.4274196247071,3678.405,5971.479,0.19432546278413607,1716
sigma2.0_nPeak2_prom500_min20.0_max250.0_exp5.0,DAPI,DAPI+,Left,Left: stc,2,3571.8514999999998,183.70139200479667,3441.955,3701.748,0.05143029938528987,327
sigma2.0_nPeak2_prom500_min20.0_max250.0_exp5.0,DAPI,DAPI+,Left,Left: sup,1,0.0,,0.0,0.0,,0
sigma2.0_nPeak2_prom500_min20.0_max250.0_exp5.0,DAPI,DAPI+,Right,Right: AAA,1,4067.523,,4067.523,4067.523,,2160
sigma2.0_nPeak2_prom500_min20.0_max250.0_exp5.0,DAPI,DAPI+,Right,Right: ACB,2,4068.7425,261.21585157202844,3884.035,4253.45,0.06420063485758276,1585
sigma2.0_nPeak2_prom500_min20.0_max250.0_exp5.0,DAPI,DAPI+,Right,Right: AD,2,4007.4799999999996,98.3840091071713,3937.912,4077.048,0.024550093601757538,863
sigma2.0_nPeak2_prom500_min20.0_max250.0_exp5.0,DAPI,DAPI+,Right,Right: ADP,1,4479.829,,4479.829,4479.829,,317
sigma2.0_nPeak2_prom500_min20.0_max250.0_exp5.0,DAPI,DAPI+,Right,Right: AHN,3,4190.383666666667,395.6886771343519,3943.047,4646.75,0.09442779196614978,4428
sigma2.0_nPeak2_prom500_min20.0_max250.0_exp5.0,DAPI,DAPI+,Right,Right: AI,5,2684.9456,305.1754536800101,2217.181,2991.389,0.11366168971170593,6685
sigma2.0_nPeak2_prom500_min20.0_max250.0_exp5.0,DAPI,DAPI+,Right,Right: AIp,5,2684.9456,305.1754536800101,2217.181,2991.389,0.11366168971170593,6685
sigma2.0_nPeak2_prom500_min20.0_max250.0_exp5.0,DAPI,DAPI+,Right,Right: AIp1,5,1066.4532,446.5072704191949,636.532,1546.801,0.4186843552245846,394
sigma2.0_nPeak2_prom500_min20.0_max250.0_exp5.0,DAPI,DAPI+,Right,Right: AIp2/3,5,2932.2398000000003,635.9272363664729,1908.757,3565.458,0.21687422575959608,2324
sigma2.0_nPeak2_prom500_min20.0_max250.0_exp5.0,DAPI,DAPI+,Right,Right: AIp5,5,2941.2752,275.7242495840728,2486.97,3162.59,0.09374309809026807,2313
sigma2.0_nPeak2_prom500_min20.0_max250.0_exp5.0,DAPI,DAPI+,Right,Right: AIp6a,5,3266.6731999999997,467.4642266919469,2735.247,3859.287,0.14310100768327452,1545
sigma2.0_nPeak2_prom500_min20.0_max250.0_exp5.0,DAPI,DAPI+,Right,Right: AIp6b,4,2605.44375,1879.6082846484044,0.0,4289.6,0.7214157989971591,109
sigma2.0_nPeak2_prom500_min20.0_max250.0_exp5.0,DAPI,DAPI+,Right,Right: AM,2,4377.127,458.6266298504701,4052.829,4701.425,0.10477800389398573,1334
sigma2.0_nPeak2_prom500_min20.0_max250.0_exp5.0,DAPI,DAPI+,Right,Right: AMd,2,4114.6175,603.8444423959702,3687.635,4541.6,0.1467559116724629,826
sigma2.0_nPeak2_prom500_min20.0_max250.0_exp5.0,DAPI,DAPI+,Right,Right: AMv,2,4928.6849999999995,244.337919811886,4755.912,5101.458,0.04957466744413287,508
sigma2.0_nPeak2_prom500_min20.0_max250.0_exp5.0,DAPI,DAPI+,Right,Right: APN,3,3107.074666666667,2693.8351188343604,0.0,4788.334,0.8670004450599064,3453
sigma2.0_nPeak2_prom500_min20.0_max250.0_exp5.0,DAPI,DAPI+,Right,Right: ASO,1,6479.001,,6479.001,6479.001,,39
sigma2.0_nPeak2_prom500_min20.0_max250.0_exp5.0,DAPI,DAPI+,Right,Right: ATN,2,4321.599,292.45795048519363,4114.8,4528.398,0.0676735510363626,9468
sigma2.0_nPeak2_prom500_min20.0_max250.0_exp5.0,DAPI,DAPI+,Right,Right: AUD,3,3615.523333333333,48.65871663261712,3566.029,3663.301,0.013458277584328628,22697
sigma2.0_nPeak2_prom500_min20.0_max250.0_exp5.0,DAPI,DAPI+,Right,Right: AUDd,2,3820.674,169.28560605674656,3700.971,3940.377,0.044307786023289754,4334
sigma2.0_nPeak2_prom500_min20.0_max250.0_exp5.0,DAPI,DAPI+,Right,Right: AUDd1,1,2624.968,,2624.968,2624.968,,224
sigma2.0_nPeak2_prom500_min20.0_max250.0_exp5.0,DAPI,DAPI+,Right,Right: AUDd2/3,1,3813.025,,3813.025,3813.025,,627
sigma2.0_nPeak2_prom500_min20.0_max250.0_exp5.0,DAPI,DAPI+,Right,Right: AUDd4,1,4241.253,,4241.253,4241.253,,364
sigma2.0_nPeak2_prom500_min20.0_max250.0_exp5.0,DAPI,DAPI+,Right,Right: AUDd5,2,3810.6549999999997,200.54538263944136,3668.848,3952.462,0.05262753585392573,1552
sigma2.0_nPeak2_prom500_min20.0_max250.0_exp5.0,DAPI,DAPI+,Right,Right: AUDd6a,2,4070.4195,443.1021004695191,3757.099,4383.74,0.1088590747144168,1351
sigma2.0_nPeak2_prom500_min20.0_max250.0_exp5.0,DAPI,DAPI+,Right,Right: AUDd6b,2,3804.895,251.6140485902965,3626.977,3982.813,0.0661290386700018,216
sigma2.0_nPeak2_prom500_min20.0_max250.0_exp5.0,DAPI,DAPI+,Right,Right: AUDp,3,3533.326333333333,145.95574334822658,3374.334,3661.239,0.04130831108671817,10569
sigma2.0_nPeak2_prom500_min20.0_max250.0_exp5.0,DAPI,DAPI+,Right,Right: AUDp1,3,2483.335,291.98941708048267,2160.156,2728.137,0.11757955212666944,1302
sigma2.0_nPeak2_prom500_min20.0_max250.0_exp5.0,DAPI,DAPI+,Right,Right: AUDp2/3,3,3500.233666666667,260.3625330214264,3328.585,3799.813,0.07438432910948317,2445
sigma2.0_nPeak2_prom500_min20.0_max250.0_exp5.0,DAPI,DAPI+,Right,Right: AUDp4,3,4325.314333333333,148.80244121093364,4153.678,4418.053,0.03440268839288219,1515
sigma2.0_nPeak2_prom500_min20.0_max250.0_exp5.0,DAPI,DAPI+,Right,Right: AUDp5,3,3720.083666666667,66.58011680924983,3645.372,3773.141,0.017897478329810815,3554
sigma2.0_nPeak2_prom500_min20.0_max250.0_exp5.0,DAPI,DAPI+,Right,Right: AUDp6a,2,4060.1054999999997,395.25359880018783,3780.619,4339.592,0.09735057347652366,1495
sigma2.0_nPeak2_prom500_min20.0_max250.0_exp5.0,DAPI,DAPI+,Right,Right: AUDp6b,2,4125.7235,344.46918977537035,3882.147,4369.3,0.08349303819690543,258
sigma2.0_nPeak2_prom500_min20.0_max250.0_exp5.0,DAPI,DAPI+,Right,Right: AUDpo,2,3729.2295000000004,415.40472785044244,3435.494,4022.965,0.11139156971981543,2268
sigma2.0_nPeak2_prom500_min20.0_max250.0_exp5.0,DAPI,DAPI+,Right,Right: AUDpo1,2,2330.702,357.55278654766533,2077.874,2583.53,0.15340991106871033,291
sigma2.0_nPeak2_prom500_min20.0_max250.0_exp5.0,DAPI,DAPI+,Right,Right: AUDpo2/3,2,3980.742,223.92374703903124,3822.404,4139.08,0.05625176086242998,733
sigma2.0_nPeak2_prom500_min20.0_max250.0_exp5.0,DAPI,DAPI+,Right,Right: AUDpo4,2,4786.2805,504.05894764848665,4429.857,5142.704,0.10531329027801163,378
sigma2.0_nPeak2_prom500_min20.0_max250.0_exp5.0,DAPI,DAPI+,Right,Right: AUDpo5,2,3704.984,118.19148426176915,3621.41,3788.558,0.03190067332592236,558
sigma2.0_nPeak2_prom500_min20.0_max250.0_exp5.0,DAPI,DAPI+,Right,Right: AUDpo6a,1,4838.362,,4838.362,4838.362,,244
sigma2.0_nPeak2_prom500_min20.0_max250.0_exp5.0,DAPI,DAPI+,Right,Right: AUDpo6b,1,5382.12,,5382.12,5382.12,,64
sigma2.0_nPeak2_prom500_min20.0_max250.0_exp5.0,DAPI,DAPI+,Right,Right: AUDv,3,3443.6929999999998,411.90420401350605,2991.741,3798.003,0.11961118601847089,5526
sigma2.0_nPeak2_prom500_min20.0_max250.0_exp5.0,DAPI,DAPI+,Right,Right: AUDv1,3,1778.7106666666668,646.2207466379684,1333.25,2519.876,0.3633085238359743,347
sigma2.0_nPeak2_prom500_min20.0_max250.0_exp5.0,DAPI,DAPI+,Right,Right: AUDv2/3,3,3303.7343333333333,298.7348231397427,3033.54,3624.543,0.09042337942419583,1001
sigma2.0_nPeak2_prom500_min20.0_max250.0_exp5.0,DAPI,DAPI+,Right,Right: AUDv4,3,3833.7350000000006,606.4557975788508,3133.832,4203.447,0.15818928475203703,762
sigma2.0_nPeak2_prom500_min20.0_max250.0_exp5.0,DAPI,DAPI+,Right,Right: AUDv5,3,3533.102666666666,783.8868510501583,2643.04,4120.682,0.221869253459799,1921
sigma2.0_nPeak2_prom500_min20.0_max250.0_exp5.0,DAPI,DAPI+,Right,Right: AUDv6a,3,4078.2306666666664,515.3461037073365,3738.205,4671.172,0.12636511905015752,1332
sigma2.0_nPeak2_prom500_min20.0_max250.0_exp5.0,DAPI,DAPI+,Right,Right: AUDv6b,3,3612.2836666666662,720.9047512205292,3120.767,4439.86,0.19957035984545582,163
sigma2.0_nPeak2_prom500_min20.0_max250.0_exp5.0,DAPI,DAPI+,Right,Right: AV,2,4731.7875,42.339432737106875,4701.849,4761.726,0.008947872814894344,3666
sigma2.0_nPeak2_prom500_min20.0_max250.0_exp5.0,DAPI,DAPI+,Right,Right: AVP,2,4298.759,110.7810051949338,4220.425,4377.093,0.025770461939116335,833
sigma2.0_nPeak2_prom500_min20.0_max250.0_exp5.0,DAPI,DAPI+,Right,Right: AVPV,2,4046.2965,36.36296622251833,4020.584,4072.009,0.008986728041931265,1552
sigma2.0_nPeak2_prom500_min20.0_max250.0_exp5.0,DAPI,DAPI+,Right,Right: BAC,1,5547.232,,5547.232,5547.232,,190
sigma2.0_nPeak2_prom500_min20.0_max250.0_exp5.0,DAPI,DAPI+,Right,Right: BLA,3,0.0,0.0,0.0,0.0,,0
sigma2.0_nPeak2_prom500_min20.0_max250.0_exp5.0,DAPI,DAPI+,Right,Right: BLAa,3,3239.078666666667,850.517584680254,2715.571,4220.44,0.26258009520822195,1813
sigma2.0_nPeak2_prom500_min20.0_max250.0_exp5.0,DAPI,DAPI+,Right,Right: BMA,3,0.0,0.0,0.0,0.0,,0
sigma2.0_nPeak2_prom500_min20.0_max250.0_exp5.0,DAPI,DAPI+,Right,Right: BMAa,3,3547.0346666666665,150.79316991274263,3374.231,3651.95,0.04251246014870524,1905
sigma2.0_nPeak2_prom500_min20.0_max250.0_exp5.0,DAPI,DAPI+,Right,Right: BS,5,2890.9773999999998,1535.5636718164114,592.988,4335.757,0.5311572729058386,80566
sigma2.0_nPeak2_prom500_min20.0_max250.0_exp5.0,DAPI,DAPI+,Right,Right: BST,2,2159.2225,3053.6017436811403,0.0,4318.445,1.4142135623730951,3800
sigma2.0_nPeak2_prom500_min20.0_max250.0_exp5.0,DAPI,DAPI+,Right,Right: CA,5,2751.0614,223.22813067420515,2514.215,3038.793,0.08114254762696504,22827
sigma2.0_nPeak2_prom500_min20.0_max250.0_exp5.0,DAPI,DAPI+,Right,Right: CA1,5,2608.1952,236.51518279636932,2255.625,2902.407,0.09068154975377966,13771
sigma2.0_nPeak2_prom500_min20.0_max250.0_exp5.0,DAPI,DAPI+,Right,Right: CA2,5,2510.3266,514.0887325368063,1770.958,3051.723,0.20478958097994354,673
sigma2.0_nPeak2_prom500_min20.0_max250.0_exp5.0,DAPI,DAPI+,Right,Right: CA3,5,3045.1072,280.87565568895434,2762.494,3397.114,0.09223834736883954,8383
sigma2.0_nPeak2_prom500_min20.0_max250.0_exp5.0,DAPI,DAPI+,Right,Right: CEA,3,3074.8343333333337,1201.148513311461,1738.09,4063.509,0.3906384484816562,6096
sigma2.0_nPeak2_prom500_min20.0_max250.0_exp5.0,DAPI,DAPI+,Right,Right: CEAc,3,3442.1156666666666,465.11659876780715,2955.643,3882.435,0.13512520897306873,1692
sigma2.0_nPeak2_prom500_min20.0_max250.0_exp5.0,DAPI,DAPI+,Right,Right: CEAl,3,3992.486666666666,360.04193714945677,3742.344,4405.137,0.09017987214721405,1696
sigma2.0_nPeak2_prom500_min20.0_max250.0_exp5.0,DAPI,DAPI+,Right,Right: CEAm,3,3933.3089999999997,254.34493694783856,3644.394,4123.455,0.06466436706290773,4216
sigma2.0_nPeak2_prom500_min20.0_max250.0_exp5.0,DAPI,DAPI+,Right,Right: CH,5,2583.9102,1173.0631162301968,703.399,3658.713,0.4539875713289869,231310
sigma2.0_nPeak2_prom500_min20.0_max250.0_exp5.0,DAPI,DAPI+,Right,Right: CL,3,2603.39,2289.9412619270392,0.0,4305.836,0.8795997764173018,786
sigma2.0_nPeak2_prom500_min20.0_max250.0_exp5.0,DAPI,DAPI+,Right,Right: CLA,2,3509.6515,442.13336417929355,3197.016,3822.287,0.1259764293347341,445
sigma2.0_nPeak2_prom500_min20.0_max250.0_exp5.0,DAPI,DAPI+,Right,Right: CM,3,4281.496999999999,259.2865899945463,4099.806,4578.427,0.06055979719115682,1028
sigma2.0_nPeak2_prom500_min20.0_max250.0_exp5.0,DAPI,DAPI+,Right,Right: CNU,5,3410.5373999999997,1152.8695977981636,1363.322,4133.617,0.33803165383794465,81895
sigma2.0_nPeak2_prom500_min20.0_max250.0_exp5.0,DAPI,DAPI+,Right,Right: COA,3,0.0,0.0,0.0,0.0,,0
sigma2.0_nPeak2_prom500_min20.0_max250.0_exp5.0,DAPI,DAPI+,Right,Right: COAa,3,3529.137,278.31643469978553,3250.537,3807.169,0.07886246260765324,1513
sigma2.0_nPeak2_prom500_min20.0_max250.0_exp5.0,DAPI,DAPI+,Right,Right: CP,5,0.0,0.0,0.0,0.0,,0
sigma2.0_nPeak2_prom500_min20.0_max250.0_exp5.0,DAPI,DAPI+,Right,Right: CTX,5,3336.9012000000002,268.6591830455457,2977.542,3610.891,0.08051157854045715,206802
sigma2.0_nPeak2_prom500_min20.0_max250.0_exp5.0,DAPI,DAPI+,Right,Right: CTXpl,5,3413.1888,180.5125568310969,3216.668,3614.906,0.05288677755859767,201413
sigma2.0_nPeak2_prom500_min20.0_max250.0_exp5.0,DAPI,DAPI+,Right,Right: CTXsp,5,3307.5646,162.16786599323552,3092.827,3509.081,0.049029387360487384,10283
sigma2.0_nPeak2_prom500_min20.0_max250.0_exp5.0,DAPI,DAPI+,Right,Right: DG,5,2835.1928,189.63969338906864,2615.457,3041.777,0.06688775923424631,9334
sigma2.0_nPeak2_prom500_min20.0_max250.0_exp5.0,DAPI,DAPI+,Right,Right: DG-mo,5,2271.996,204.0845570750026,2055.524,2567.72,0.08982610756137009,5101
sigma2.0_nPeak2_prom500_min20.0_max250.0_exp5.0,DAPI,DAPI+,Right,Right: DG-po,5,3917.7834000000003,282.12785812074634,3549.326,4333.15,0.07201211228797037,865
sigma2.0_nPeak2_prom500_min20.0_max250.0_exp5.0,DAPI,DAPI+,Right,Right: DG-sg,5,4128.1341999999995,555.6532352742129,3438.333,4987.499,0.13460154354337922,3368
sigma2.0_nPeak2_prom500_min20.0_max250.0_exp5.0,DAPI,DAPI+,Right,Right: DORpm,5,3906.3335999999995,378.4791101980399,3472.888,4333.92,0.0968885786400936,50890
sigma2.0_nPeak2_prom500_min20.0_max250.0_exp5.0,DAPI,DAPI+,Right,Right: DORsm,4,3880.7635,484.0835173324948,3248.73,4309.416,0.12473924714363419,21455
sigma2.0_nPeak2_prom500_min20.0_max250.0_exp5.0,DAPI,DAPI+,Right,Right: ECT,2,2777.032,132.43685747555315,2683.385,2870.679,0.047690072521869804,1521
sigma2.0_nPeak2_prom500_min20.0_max250.0_exp5.0,DAPI,DAPI+,Right,Right: ECT1,2,1065.7245,1507.1620416532855,0.0,2131.449,1.414213562373095,143
sigma2.0_nPeak2_prom500_min20.0_max250.0_exp5.0,DAPI,DAPI+,Right,Right: ECT2/3,2,2811.135,377.8269521778454,2543.971,3078.299,0.13440370248239425,471
sigma2.0_nPeak2_prom500_min20.0_max250.0_exp5.0,DAPI,DAPI+,Right,Right: ECT5,2,3490.229,580.9985294026138,3079.401,3901.057,0.16646430059535172,563
sigma2.0_nPeak2_prom500_min20.0_max250.0_exp5.0,DAPI,DAPI+,Right,Right: ECT6a,2,3201.0654999999997,455.86537786993654,2878.72,3523.411,0.14241051233407645,310
sigma2.0_nPeak2_prom500_min20.0_max250.0_exp5.0,DAPI,DAPI+,Right,Right: ECT6b,1,3243.219,,3243.219,3243.219,,34
sigma2.0_nPeak2_prom500_min20.0_max250.0_exp5.0,DAPI,DAPI+,Right,Right: EP,5,2506.4754000000003,1446.6321820536482,0.0,3568.605,0.5771579414079421,3326
sigma2.0_nPeak2_prom500_min20.0_max250.0_exp5.0,DAPI,DAPI+,Right,Right: EPI,3,5322.089333333333,490.4265464963471,4756.771,5633.551,0.09214925112675305,2699
sigma2.0_nPeak2_prom500_min20.0_max250.0_exp5.0,DAPI,DAPI+,Right,Right: EPd,5,3260.1974,553.9470766998414,2726.333,4164.283,0.16991212762142607,2471
sigma2.0_nPeak2_prom500_min20.0_max250.0_exp5.0,DAPI,DAPI+,Right,Right: EPv,4,2168.86425,1487.3589035262862,0.0,3378.09,0.6857777767909108,1351
sigma2.0_nPeak2_prom500_min20.0_max250.0_exp5.0,DAPI,DAPI+,Right,Right: Eth,3,3725.0063333333333,436.24743561003726,3381.855,4215.952,0.11711320641424518,1019
sigma2.0_nPeak2_prom500_min20.0_max250.0_exp5.0,DAPI,DAPI+,Right,Right: FC,2,3712.307,194.1432378425783,3575.027,3849.587,0.052297193589479075,336
sigma2.0_nPeak2_prom500_min20.0_max250.0_exp5.0,DAPI,DAPI+,Right,Right: FS,3,3584.6049999999996,816.4601575361776,2908.727,4491.753,0.22776851495106928,1862
sigma2.0_nPeak2_prom500_min20.0_max250.0_exp5.0,DAPI,DAPI+,Right,Right: GENd,3,4251.005,555.5721526849597,3653.312,4751.675,0.13069195465189049,3475
sigma2.0_nPeak2_prom500_min20.0_max250.0_exp5.0,DAPI,DAPI+,Right,Right: GENv,3,2681.4486666666667,2544.3391297972316,0.0,5061.902,0.9488673646548389,1308
sigma2.0_nPeak2_prom500_min20.0_max250.0_exp5.0,DAPI,DAPI+,Right,Right: GPe,5,3022.6692,2924.265437354003,0.0,6618.248,0.9674447463036985,2013
sigma2.0_nPeak2_prom500_min20.0_max250.0_exp5.0,DAPI,DAPI+,Right,Right: GPi,3,3773.5183333333334,297.5163413500732,3523.572,4102.602,0.07884322138359998,2925
sigma2.0_nPeak2_prom500_min20.0_max250.0_exp5.0,DAPI,DAPI+,Right,Right: GU,2,3655.0370000000003,440.41297338066687,3343.618,3966.456,0.1204948057654866,1123
sigma2.0_nPeak2_prom500_min20.0_max250.0_exp5.0,DAPI,DAPI+,Right,Right: GU1,2,2468.924,467.6464839512855,2138.248,2799.6,0.1894130738537458,53
sigma2.0_nPeak2_prom500_min20.0_max250.0_exp5.0,DAPI,DAPI+,Right,Right: GU2/3,2,4283.8135,1275.2974854615295,3382.042,5185.585,0.29770144882860317,189
sigma2.0_nPeak2_prom500_min20.0_max250.0_exp5.0,DAPI,DAPI+,Right,Right: GU4,2,3704.165,1070.1297457934716,2947.469,4460.861,0.2888990489876859,61
sigma2.0_nPeak2_prom500_min20.0_max250.0_exp5.0,DAPI,DAPI+,Right,Right: GU5,2,3367.4915,710.5270566871467,2865.073,3869.91,0.21099594659322723,321
sigma2.0_nPeak2_prom500_min20.0_max250.0_exp5.0,DAPI,DAPI+,Right,Right: GU6a,2,3738.511,114.61635237608961,3657.465,3819.557,0.030658289456976216,451
sigma2.0_nPeak2_prom500_min20.0_max250.0_exp5.0,DAPI,DAPI+,Right,Right: GU6b,2,4864.5535,18.296387963201916,4851.616,4877.491,0.0037611649174383458,48
sigma2.0_nPeak2_prom500_min20.0_max250.0_exp5.0,DAPI,DAPI+,Right,Right: HIP,5,2406.6522,515.0330065211356,1655.836,2930.38,0.21400392068331917,27815
sigma2.0_nPeak2_prom500_min20.0_max250.0_exp5.0,DAPI,DAPI+,Right,Right: HPF,5,2731.2454,322.3057386539992,2263.854,3086.173,0.11800687651647823,35897
sigma2.0_nPeak2_prom500_min20.0_max250.0_exp5.0,DAPI,DAPI+,Right,Right: HY,5,4013.0517999999997,229.55170741621566,3724.915,4349.038,0.05720128193117659,35218
sigma2.0_nPeak2_prom500_min20.0_max250.0_exp5.0,DAPI,DAPI+,Right,Right: IA,3,4124.497,1808.3226720933958,2225.01,5825.235,0.43843471630441133,988
sigma2.0_nPeak2_prom500_min20.0_max250.0_exp5.0,DAPI,DAPI+,Right,Right: IAD,2,4181.1765000000005,208.28042371884155,4033.9,4328.453,0.04981383199653053,525
sigma2.0_nPeak2_prom500_min20.0_max250.0_exp5.0,DAPI,DAPI+,Right,Right: IB,5,3204.8435999999997,965.3093913734599,2112.258,4335.757,0.30120327599557745,84155
sigma2.0_nPeak2_prom500_min20.0_max250.0_exp5.0,DAPI,DAPI+,Right,Right: IGL,2,4230.0869999999995,118.35553303500407,4146.397,4313.777,0.027979455986367203,255
sigma2.0_nPeak2_prom500_min20.0_max250.0_exp5.0,DAPI,DAPI+,Right,Right: IIIn,2,0.0,0.0,0.0,0.0,,0
sigma2.0_nPeak2_prom500_min20.0_max250.0_exp5.0,DAPI,DAPI+,Right,Right: IIn,5,1500.4101999999998,1457.7058042855217,0.0,3152.949,0.9715381862143578,2259
sigma2.0_nPeak2_prom500_min20.0_max250.0_exp5.0,DAPI,DAPI+,Right,Right: ILM,4,4120.16325,152.26981188091747,3975.928,4301.878,0.03695722781880487,6695
sigma2.0_nPeak2_prom500_min20.0_max250.0_exp5.0,DAPI,DAPI+,Right,Right: IMD,3,3664.528,386.0736996209401,3432.143,4110.191,0.10535427744608312,825
sigma2.0_nPeak2_prom500_min20.0_max250.0_exp5.0,DAPI,DAPI+,Right,Right: In,5,575.3604,1286.5449659614699,0.0,2876.802,2.2360679774997894,310
sigma2.0_nPeak2_prom500_min20.0_max250.0_exp5.0,DAPI,DAPI+,Right,Right: Isocortex,5,3836.8994,158.76575634342558,3589.089,3965.727,0.041378660160708305,147499
sigma2.0_nPeak2_prom500_min20.0_max250.0_exp5.0,DAPI,DAPI+,Right,Right: LA,3,3849.453,318.75641622248173,3512.427,4146.09,0.08280563919665515,1601
sigma2.0_nPeak2_prom500_min20.0_max250.0_exp5.0,DAPI,DAPI+,Right,Right: LAT,3,3636.4206666666664,259.315779890722,3337.095,3792.996,0.07131072108013962,10446
sigma2.0_nPeak2_prom500_min20.0_max250.0_exp5.0,DAPI,DAPI+,Right,Right: LD,2,4112.697,411.40321057570753,3821.791,4403.603,0.10003246302261205,3080
sigma2.0_nPeak2_prom500_min20.0_max250.0_exp5.0,DAPI,DAPI+,Right,Right: LGd,3,4253.317333333333,557.2949276194191,3653.312,4754.747,0.13102594608962928,3477
sigma2.0_nPeak2_prom500_min20.0_max250.0_exp5.0,DAPI,DAPI+,Right,Right: LGd-co,3,4144.558333333333,560.6110546130296,3568.781,4688.66,0.13526436583223295,1846
sigma2.0_nPeak2_prom500_min20.0_max250.0_exp5.0,DAPI,DAPI+,Right,Right: LGd-ip,3,4216.573666666666,689.0855285117613,3449.053,4782.056,0.16342309727900592,592
sigma2.0_nPeak2_prom500_min20.0_max250.0_exp5.0,DAPI,DAPI+,Right,Right: LGd-sh,3,4477.915,446.93732380390895,3983.083,4852.252,0.09980924689367908,1037
sigma2.0_nPeak2_prom500_min20.0_max250.0_exp5.0,DAPI,DAPI+,Right,Right: LGv,3,4132.464,1317.6280920847882,2675.914,5241.515,0.318848050965426,1238
sigma2.0_nPeak2_prom500_min20.0_max250.0_exp5.0,DAPI,DAPI+,Right,Right: LH,3,4795.1793333333335,660.2829296387521,4033.839,5211.123,0.13769723377160145,873
sigma2.0_nPeak2_prom500_min20.0_max250.0_exp5.0,DAPI,DAPI+,Right,Right: LHA,3,3952.549333333333,192.94383632117774,3804.221,4170.68,0.04881503557564985,6806
sigma2.0_nPeak2_prom500_min20.0_max250.0_exp5.0,DAPI,DAPI+,Right,Right: LP,3,3803.2909999999997,328.4514174592646,3440.962,4081.505,0.08635979141729218,3651
sigma2.0_nPeak2_prom500_min20.0_max250.0_exp5.0,DAPI,DAPI+,Right,Right: LPO,2,0.0,0.0,0.0,0.0,,0
sigma2.0_nPeak2_prom500_min20.0_max250.0_exp5.0,DAPI,DAPI+,Right,Right: LZ,5,3188.9502,1402.5646256594382,1132.173,4294.669,0.4398201720614634,9144
sigma2.0_nPeak2_prom500_min20.0_max250.0_exp5.0,DAPI,DAPI+,Right,Right: MA,1,4102.312,,4102.312,4102.312,,122
sigma2.0_nPeak2_prom500_min20.0_max250.0_exp5.0,DAPI,DAPI+,Right,Right: MB,3,4151.8,167.13004836952578,3974.196,4305.986,0.04025484088094941,14812
sigma2.0_nPeak2_prom500_min20.0_max250.0_exp5.0,DAPI,DAPI+,Right,Right: MBmot,3,3648.1823333333327,1122.6867934830857,2410.213,4600.333,0.3077386739212923,7119
sigma2.0_nPeak2_prom500_min20.0_max250.0_exp5.0,DAPI,DAPI+,Right,Right: MBsen,2,1518.4855,2147.4627883668904,0.0,3036.971,1.4142135623730951,1453
sigma2.0_nPeak2_prom500_min20.0_max250.0_exp5.0,DAPI,DAPI+,Right,Right: MD,5,2148.0218,1962.7245043263713,0.0,3706.432,0.9137358402630603,3537
sigma2.0_nPeak2_prom500_min20.0_max250.0_exp5.0,DAPI,DAPI+,Right,Right: MEA,2,4156.3255,96.6268487559228,4088.0,4224.651,0.023248142802079094,3370
sigma2.0_nPeak2_prom500_min20.0_max250.0_exp5.0,DAPI,DAPI+,Right,Right: MED,5,3708.7983999999997,147.33849994587294,3506.614,3862.313,0.039726748141897646,8722
sigma2.0_nPeak2_prom500_min20.0_max250.0_exp5.0,DAPI,DAPI+,Right,Right: MEPO,1,4906.245,,4906.245,4906.245,,336
sigma2.0_nPeak2_prom500_min20.0_max250.0_exp5.0,DAPI,DAPI+,Right,Right: MEZ,4,2350.2619999999997,1947.1394057197513,0.0,3994.964,0.8284775934426679,3352
sigma2.0_nPeak2_prom500_min20.0_max250.0_exp5.0,DAPI,DAPI+,Right,Right: MH,3,5648.024,778.6725093227572,4803.194,6336.949,0.13786635986723092,1826
sigma2.0_nPeak2_prom500_min20.0_max250.0_exp5.0,DAPI,DAPI+,Right,Right: MPN,1,5284.181,,5284.181,5284.181,,46
sigma2.0_nPeak2_prom500_min20.0_max250.0_exp5.0,DAPI,DAPI+,Right,Right: MPO,2,4403.4439999999995,467.59132962235293,4072.807,4734.081,0.10618764076989579,2044
sigma2.0_nPeak2_prom500_min20.0_max250.0_exp5.0,DAPI,DAPI+,Right,Right: MPT,2,3013.388,2787.615749763227,1042.246,4984.53,0.9250769398972941,105
sigma2.0_nPeak2_prom500_min20.0_max250.0_exp5.0,DAPI,DAPI+,Right,Right: MSC,3,0.0,0.0,0.0,0.0,,0
sigma2.0_nPeak2_prom500_min20.0_max250.0_exp5.0,DAPI,DAPI+,Right,Right: MTN,5,3984.0020000000004,238.98995685593155,3563.198,4149.082,0.05998740885570126,7035
sigma2.0_nPeak2_prom500_min20.0_max250.0_exp5.0,DAPI,DAPI+,Right,Right: NDB,3,0.0,0.0,0.0,0.0,,0
sigma2.0_nPeak2_prom500_min20.0_max250.0_exp5.0,DAPI,DAPI+,Right,Right: NLOT,2,3060.9895,388.70013315215107,2786.137,3335.842,0.1269851246311531,1541
sigma2.0_nPeak2_prom500_min20.0_max250.0_exp5.0,DAPI,DAPI+,Right,Right: NLOT1,2,1749.748,400.5632636201178,1466.507,2032.989,0.2289262588784887,306
sigma2.0_nPeak2_prom500_min20.0_max250.0_exp5.0,DAPI,DAPI+,Right,Right: NLOT2,2,4042.8705,142.61141695004662,3942.029,4143.712,0.03527479224230571,1065
sigma2.0_nPeak2_prom500_min20.0_max250.0_exp5.0,DAPI,DAPI+,Right,Right: NLOT3,2,3015.7225,133.79662381577518,2921.114,3110.331,0.04436635791780417,170
sigma2.0_nPeak2_prom500_min20.0_max250.0_exp5.0,DAPI,DAPI+,Right,Right: NOT,2,3191.908,177.58845388143914,3066.334,3317.482,0.05563708411440403,1037
sigma2.0_nPeak2_prom500_min20.0_max250.0_exp5.0,DAPI,DAPI+,Right,Right: NPC,2,4152.539,205.7100905692278,4007.08,4297.998,0.049538388578464355,1650
sigma2.0_nPeak2_prom500_min20.0_max250.0_exp5.0,DAPI,DAPI+,Right,Right: OLF,5,2440.3122,197.37312287188436,2150.344,2663.901,0.08088027543028485,18017
sigma2.0_nPeak2_prom500_min20.0_max250.0_exp5.0,DAPI,DAPI+,Right,Right: OP,2,5266.6435,789.5490679118685,4708.348,5824.939,0.14991503941967374,471
sigma2.0_nPeak2_prom500_min20.0_max250.0_exp5.0,DAPI,DAPI+,Right,Right: OT,3,1946.4576666666665,1706.117698620565,0.0,3182.963,0.876524430938338,4736
sigma2.0_nPeak2_prom500_min20.0_max250.0_exp5.0,DAPI,DAPI+,Right,Right: OV,2,2742.2335000000003,3454.47613428498,299.55,5184.917,1.2597308486986902,46
sigma2.0_nPeak2_prom500_min20.0_max250.0_exp5.0,DAPI,DAPI+,Right,Right: PAA,3,2457.027666666667,882.2666149278988,1764.135,3450.25,0.3590788280071865,957
sigma2.0_nPeak2_prom500_min20.0_max250.0_exp5.0,DAPI,DAPI+,Right,Right: PAG,3,1580.9979999999998,2738.3688626647795,0.0,4742.994,1.7320508075688772,497
sigma2.0_nPeak2_prom500_min20.0_max250.0_exp5.0,DAPI,DAPI+,Right,Right: PAL,5,3935.565,128.840631978037,3730.82,4052.959,0.032737518495574845,30012
sigma2.0_nPeak2_prom500_min20.0_max250.0_exp5.0,DAPI,DAPI+,Right,Right: PALc,2,4127.62,334.9734528108162,3890.758,4364.482,0.08115414035468774,6381
sigma2.0_nPeak2_prom500_min20.0_max250.0_exp5.0,DAPI,DAPI+,Right,Right: PALd,5,3993.6288,226.13695263092217,3717.929,4246.985,0.056624429549116374,9035
sigma2.0_nPeak2_prom500_min20.0_max250.0_exp5.0,DAPI,DAPI+,Right,Right: PALm,3,4024.2803333333336,822.8207824710878,3127.111,4743.696,0.20446408160376361,1430
sigma2.0_nPeak2_prom500_min20.0_max250.0_exp5.0,DAPI,DAPI+,Right,Right: PALv,5,735.0717999999999,1643.6705131431297,0.0,3675.359,2.23606797749979,4076
sigma2.0_nPeak2_prom500_min20.0_max250.0_exp5.0,DAPI,DAPI+,Right,Right: PCN,3,3658.017333333333,250.34976105906958,3405.581,3906.227,0.06843864811076243,1047
sigma2.0_nPeak2_prom500_min20.0_max250.0_exp5.0,DAPI,DAPI+,Right,Right: PERI,1,2670.65,,2670.65,2670.65,,153
sigma2.0_nPeak2_prom500_min20.0_max250.0_exp5.0,DAPI,DAPI+,Right,Right: PERI1,1,2530.443,,2530.443,2530.443,,66
sigma2.0_nPeak2_prom500_min20.0_max250.0_exp5.0,DAPI,DAPI+,Right,Right: PERI2/3,1,2909.606,,2909.606,2909.606,,84
sigma2.0_nPeak2_prom500_min20.0_max250.0_exp5.0,DAPI,DAPI+,Right,Right: PERI5,1,1283.621,,1283.621,1283.621,,3
sigma2.0_nPeak2_prom500_min20.0_max250.0_exp5.0,DAPI,DAPI+,Right,Right: PF,2,4297.155000000001,42.60601199361385,4267.028,4327.282,0.009914934879848143,3316
sigma2.0_nPeak2_prom500_min20.0_max250.0_exp5.0,DAPI,DAPI+,Right,Right: PIR,5,2295.254,261.801468340993,1939.446,2583.957,0.11406209000877157,12976
sigma2.0_nPeak2_prom500_min20.0_max250.0_exp5.0,DAPI,DAPI+,Right,Right: PO,3,3463.1453333333334,246.0806702695955,3253.99,3734.295,0.0710569862318596,5445
sigma2.0_nPeak2_prom500_min20.0_max250.0_exp5.0,DAPI,DAPI+,Right,Right: POL,2,4963.605,1046.502479806904,4223.616,5703.594,0.21083516512835007,331
sigma2.0_nPeak2_prom500_min20.0_max250.0_exp5.0,DAPI,DAPI+,Right,Right: POST,1,5278.877,,5278.877,5278.877,,392
sigma2.0_nPeak2_prom500_min20.0_max250.0_exp5.0,DAPI,DAPI+,Right,Right: PPT,2,2538.8295,3590.4471114529033,0.0,5077.659,1.414213562373095,746
sigma2.0_nPeak2_prom500_min20.0_max250.0_exp5.0,DAPI,DAPI+,Right,Right: PR,3,3675.459666666667,326.4835373894576,3381.07,4026.597,0.08882794724980636,789
sigma2.0_nPeak2_prom500_min20.0_max250.0_exp5.0,DAPI,DAPI+,Right,Right: PRC,3,4413.415666666667,277.2602339487822,4248.503,4733.519,0.0628221438653181,1435
sigma2.0_nPeak2_prom500_min20.0_max250.0_exp5.0,DAPI,DAPI+,Right,Right: PRT,3,3472.8126666666667,1402.1942789347463,1921.954,4651.078,0.4037632931927261,5139
sigma2.0_nPeak2_prom500_min20.0_max250.0_exp5.0,DAPI,DAPI+,Right,Right: PS,2,4175.6605,90.42269385779242,4111.722,4239.599,0.021654704413299985,718
sigma2.0_nPeak2_prom500_min20.0_max250.0_exp5.0,DAPI,DAPI+,Right,Right: PT,2,3817.6485000000002,216.97500870031087,3664.224,3971.073,0.056834726586355674,2170
sigma2.0_nPeak2_prom500_min20.0_max250.0_exp5.0,DAPI,DAPI+,Right,Right: PTLp,4,4164.72975,347.0083475858325,3716.253,4515.187,0.08332073589788928,9080
sigma2.0_nPeak2_prom500_min20.0_max250.0_exp5.0,DAPI,DAPI+,Right,Right: PVH,2,4294.466,897.0356626132541,3660.166,4928.766,0.2088817707750519,636
sigma2.0_nPeak2_prom500_min20.0_max250.0_exp5.0,DAPI,DAPI+,Right,Right: PVHd,2,4324.303,115.40689775745612,4242.698,4405.908,0.026687976711496888,1202
sigma2.0_nPeak2_prom500_min20.0_max250.0_exp5.0,DAPI,DAPI+,Right,Right: PVR,5,3560.1818,2014.0083401450204,0.0,4741.426,0.5657037907853527,7434
sigma2.0_nPeak2_prom500_min20.0_max250.0_exp5.0,DAPI,DAPI+,Right,Right: PVT,4,4144.8645,480.6484175309431,3460.121,4579.428,0.11596239576250156,3296
sigma2.0_nPeak2_prom500_min20.0_max250.0_exp5.0,DAPI,DAPI+,Right,Right: PVZ,3,2465.2413333333334,2266.538290380803,0.0,4458.871,0.9193981375105952,1231
sigma2.0_nPeak2_prom500_min20.0_max250.0_exp5.0,DAPI,DAPI+,Right,Right: PVa,2,2472.289,2102.9666799471647,985.267,3959.311,0.8506152314503541,223
sigma2.0_nPeak2_prom500_min20.0_max250.0_exp5.0,DAPI,DAPI+,Right,Right: PVi,2,3156.455,324.36685109301794,2927.093,3385.817,0.1027630208867283,377
sigma2.0_nPeak2_prom500_min20.0_max250.0_exp5.0,DAPI,DAPI+,Right,Right: PVpo,2,4077.4809999999998,821.1928034767474,3496.81,4658.152,0.2013970889077711,248
sigma2.0_nPeak2_prom500_min20.0_max250.0_exp5.0,DAPI,DAPI+,Right,Right: PeF,3,4264.541333333334,211.34962460419317,4034.326,4449.787,0.04955975521967657,1557
sigma2.0_nPeak2_prom500_min20.0_max250.0_exp5.0,DAPI,DAPI+,Right,Right: PoT,1,3560.941,,3560.941,3560.941,,55
sigma2.0_nPeak2_prom500_min20.0_max250.0_exp5.0,DAPI,DAPI+,Right,Right: ProS,3,2379.039,918.6769932468105,1741.95,3432.128,0.38615465877054156,989
sigma2.0_nPeak2_prom500_min20.0_max250.0_exp5.0,DAPI,DAPI+,Right,Right: RCH,2,3474.852,323.2086101854343,3246.309,3703.395,0.093013633439765,859
sigma2.0_nPeak2_prom500_min20.0_max250.0_exp5.0,DAPI,DAPI+,Right,Right: RE,3,3853.498333333333,141.25409910630322,3716.2,3998.401,0.03665606856098374,1105
sigma2.0_nPeak2_prom500_min20.0_max250.0_exp5.0,DAPI,DAPI+,Right,Right: RH,2,4344.7119999999995,315.70196459635775,4121.477,4567.947,0.07266349635979504,395
sigma2.0_nPeak2_prom500_min20.0_max250.0_exp5.0,DAPI,DAPI+,Right,Right: RHP,3,2977.417,718.4151070732015,2562.018,3806.971,0.24128803828056383,4349
sigma2.0_nPeak2_prom500_min20.0_max250.0_exp5.0,DAPI,DAPI+,Right,Right: RPF,1,5705.407,,5705.407,5705.407,,41
sigma2.0_nPeak2_prom500_min20.0_max250.0_exp5.0,DAPI,DAPI+,Right,Right: RSP,5,4230.6144,339.260282269086,3826.884,4491.626,0.08019172871653961,28271
sigma2.0_nPeak2_prom500_min20.0_max250.0_exp5.0,DAPI,DAPI+,Right,Right: RSPagl,5,4163.2148,532.6101994838251,3345.831,4751.795,0.12793243324457462,4388
sigma2.0_nPeak2_prom500_min20.0_max250.0_exp5.0,DAPI,DAPI+,Right,Right: RSPagl1,5,4100.1212,508.586494901998,3517.202,4657.118,0.1240418197642543,756
sigma2.0_nPeak2_prom500_min20.0_max250.0_exp5.0,DAPI,DAPI+,Right,Right: RSPagl2/3,5,4544.7088,886.2617887087314,3185.223,5314.731,0.1950095875688958,1196
sigma2.0_nPeak2_prom500_min20.0_max250.0_exp5.0,DAPI,DAPI+,Right,Right: RSPagl5,5,3895.7252,618.5401689694052,3321.966,4808.484,0.15877407599730217,1445
sigma2.0_nPeak2_prom500_min20.0_max250.0_exp5.0,DAPI,DAPI+,Right,Right: RSPagl6a,5,4135.9406,455.3885471449628,3367.106,4508.392,0.1101051952112085,872
sigma2.0_nPeak2_prom500_min20.0_max250.0_exp5.0,DAPI,DAPI+,Right,Right: RSPagl6b,5,4671.772,1071.2644571194826,3503.694,5675.478,0.22930580882788856,119
sigma2.0_nPeak2_prom500_min20.0_max250.0_exp5.0,DAPI,DAPI+,Right,Right: RSPd,5,4273.003,230.03285244503667,3889.59,4458.585,0.053834002092916076,7567
sigma2.0_nPeak2_prom500_min20.0_max250.0_exp5.0,DAPI,DAPI+,Right,Right: RSPd1,5,4114.2618,548.5712298172409,3475.58,4871.747,0.13333406002924775,1372
sigma2.0_nPeak2_prom500_min20.0_max250.0_exp5.0,DAPI,DAPI+,Right,Right: RSPd2/3,5,4800.397,253.58797114315195,4557.048,5114.759,0.05282645813318189,2073
sigma2.0_nPeak2_prom500_min20.0_max250.0_exp5.0,DAPI,DAPI+,Right,Right: RSPd5,5,4008.0606,147.91176778167468,3764.512,4111.033,0.03690357570483707,2350
sigma2.0_nPeak2_prom500_min20.0_max250.0_exp5.0,DAPI,DAPI+,Right,Right: RSPd6a,5,4224.8992,455.9794437364473,3414.887,4482.543,0.10792670360903459,1693
sigma2.0_nPeak2_prom500_min20.0_max250.0_exp5.0,DAPI,DAPI+,Right,Right: RSPd6b,5,3597.4468,789.07695188695,2450.761,4483.881,0.21934360555017798,79
sigma2.0_nPeak2_prom500_min20.0_max250.0_exp5.0,DAPI,DAPI+,Right,Right: RSPv,5,4222.9074,393.920020986875,3709.445,4573.152,0.0932817094182257,16316
sigma2.0_nPeak2_prom500_min20.0_max250.0_exp5.0,DAPI,DAPI+,Right,Right: RSPv1,5,3950.1466,603.9507554211683,3427.568,4868.044,0.15289325095457681,3837
sigma2.0_nPeak2_prom500_min20.0_max250.0_exp5.0,DAPI,DAPI+,Right,Right: RSPv2/3,5,4992.567,907.7095645648445,3853.384,6062.366,0.18181219492193987,4442
sigma2.0_nPeak2_prom500_min20.0_max250.0_exp5.0,DAPI,DAPI+,Right,Right: RSPv5,5,3848.3424,504.48652940717864,3328.664,4509.363,0.13109190320673614,5636
sigma2.0_nPeak2_prom500_min20.0_max250.0_exp5.0,DAPI,DAPI+,Right,Right: RSPv6a,5,4378.234200000001,439.58353926949997,3598.734,4672.331,0.10040201578743775,2292
sigma2.0_nPeak2_prom500_min20.0_max250.0_exp5.0,DAPI,DAPI+,Right,Right: RSPv6b,5,3869.9314,1289.4572725194503,2290.291,5433.536,0.33319899999246766,109
sigma2.0_nPeak2_prom500_min20.0_max250.0_exp5.0,DAPI,DAPI+,Right,Right: RT,5,4426.6036,155.9212880423966,4280.803,4637.947,0.03522368437110488,6333
sigma2.0_nPeak2_prom500_min20.0_max250.0_exp5.0,DAPI,DAPI+,Right,Right: SBPV,2,4321.9015,58.7725943318824,4280.343,4363.46,0.013598781539070801,791
sigma2.0_nPeak2_prom500_min20.0_max250.0_exp5.0,DAPI,DAPI+,Right,Right: SCH,3,6030.293999999999,1141.0894722847117,5334.681,7347.212,0.18922617575274306,576
sigma2.0_nPeak2_prom500_min20.0_max250.0_exp5.0,DAPI,DAPI+,Right,Right: SCO,2,6097.6275000000005,796.5154839201186,5534.406,6660.849,0.1306271142210833,105
sigma2.0_nPeak2_prom500_min20.0_max250.0_exp5.0,DAPI,DAPI+,Right,Right: SCig,1,0.0,,0.0,0.0,,0
sigma2.0_nPeak2_prom500_min20.0_max250.0_exp5.0,DAPI,DAPI+,Right,Right: SCm,1,4536.277,,4536.277,4536.277,,530
sigma2.0_nPeak2_prom500_min20.0_max250.0_exp5.0,DAPI,DAPI+,Right,Right: SCop,1,3278.029,,3278.029,3278.029,,474
sigma2.0_nPeak2_prom500_min20.0_max250.0_exp5.0,DAPI,DAPI+,Right,Right: SCs,1,2999.052,,2999.052,2999.052,,1420
sigma2.0_nPeak2_prom500_min20.0_max250.0_exp5.0,DAPI,DAPI+,Right,Right: SCsg,1,2868.093,,2868.093,2868.093,,608
sigma2.0_nPeak2_prom500_min20.0_max250.0_exp5.0,DAPI,DAPI+,Right,Right: SCzo,1,2891.45,,2891.45,2891.45,,338
sigma2.0_nPeak2_prom500_min20.0_max250.0_exp5.0,DAPI,DAPI+,Right,Right: SI,5,3718.0135999999998,289.0838652169991,3419.423,4027.785,0.07775223447730237,8010
sigma2.0_nPeak2_prom500_min20.0_max250.0_exp5.0,DAPI,DAPI+,Right,Right: SMT,3,3603.547666666667,111.55390074906983,3475.106,3676.214,0.03095668798305609,1731
sigma2.0_nPeak2_prom500_min20.0_max250.0_exp5.0,DAPI,DAPI+,Right,Right: SO,2,3773.8715,299.0389932976969,3562.419,3985.324,0.07923931519599882,236
sigma2.0_nPeak2_prom500_min20.0_max250.0_exp5.0,DAPI,DAPI+,Right,Right: SPA,2,4745.6485,48.45024954012121,4711.389,4779.908,0.010209405424805737,602
sigma2.0_nPeak2_prom500_min20.0_max250.0_exp5.0,DAPI,DAPI+,Right,Right: SS,3,4104.305666666666,248.3505439340391,3909.549,4383.976,0.06050975831333204,37035
sigma2.0_nPeak2_prom500_min20.0_max250.0_exp5.0,DAPI,DAPI+,Right,Right: SSp,3,4540.672333333333,335.28353305274806,4294.4,4922.512,0.07384006341779226,18514
sigma2.0_nPeak2_prom500_min20.0_max250.0_exp5.0,DAPI,DAPI+,Right,Right: SSp-bfd,3,4541.954000000001,334.6691480357871,4293.493,4922.512,0.07368395805765252,17843
sigma2.0_nPeak2_prom500_min20.0_max250.0_exp5.0,DAPI,DAPI+,Right,Right: SSp-bfd1,2,2971.5735,260.72229103876,2787.215,3155.932,0.08773879933939376,1028
sigma2.0_nPeak2_prom500_min20.0_max250.0_exp5.0,DAPI,DAPI+,Right,Right: SSp-bfd2/3,2,4210.9785,352.9827554208562,3961.382,4460.575,0.08382440219556006,3185
sigma2.0_nPeak2_prom500_min20.0_max250.0_exp5.0,DAPI,DAPI+,Right,Right: SSp-bfd4,2,5550.737999999999,116.88475093013611,5468.088,5633.388,0.021057515402480916,4332
sigma2.0_nPeak2_prom500_min20.0_max250.0_exp5.0,DAPI,DAPI+,Right,Right: SSp-bfd5,3,2679.3866666666668,2320.4339610474444,0.0,4027.973,0.8660317638790884,3501
sigma2.0_nPeak2_prom500_min20.0_max250.0_exp5.0,DAPI,DAPI+,Right,Right: SSp-bfd6a,3,4476.523666666667,297.10491265600723,4257.888,4814.796,0.06636956146760173,5166
sigma2.0_nPeak2_prom500_min20.0_max250.0_exp5.0,DAPI,DAPI+,Right,Right: SSp-bfd6b,3,4525.462333333333,682.8679060098908,3888.189,5246.244,0.15089461710465918,631
sigma2.0_nPeak2_prom500_min20.0_max250.0_exp5.0,DAPI,DAPI+,Right,Right: SSp-n,1,3137.902,,3137.902,3137.902,,87
sigma2.0_nPeak2_prom500_min20.0_max250.0_exp5.0,DAPI,DAPI+,Right,Right: SSp-n6a,1,3210.9,,3210.9,3210.9,,66
sigma2.0_nPeak2_prom500_min20.0_max250.0_exp5.0,DAPI,DAPI+,Right,Right: SSp-n6b,1,2928.647,,2928.647,2928.647,,21
sigma2.0_nPeak2_prom500_min20.0_max250.0_exp5.0,DAPI,DAPI+,Right,Right: SSp-tr,2,4538.356,123.28972415412417,4451.177,4625.535,0.027166164169167024,584
sigma2.0_nPeak2_prom500_min20.0_max250.0_exp5.0,DAPI,DAPI+,Right,Right: SSp-tr5,1,4587.339,,4587.339,4587.339,,60
sigma2.0_nPeak2_prom500_min20.0_max250.0_exp5.0,DAPI,DAPI+,Right,Right: SSp-tr6a,2,4333.1365,409.9529345674938,4043.256,4623.017,0.09460882078547349,385
sigma2.0_nPeak2_prom500_min20.0_max250.0_exp5.0,DAPI,DAPI+,Right,Right: SSp-tr6b,2,4679.88,34.54216626096311,4655.455,4704.305,0.007380994012872789,139
sigma2.0_nPeak2_prom500_min20.0_max250.0_exp5.0,DAPI,DAPI+,Right,Right: SSp-un,1,0.0,,0.0,0.0,,0
sigma2.0_nPeak2_prom500_min20.0_max250.0_exp5.0,DAPI,DAPI+,Right,Right: SSp-un6b,1,0.0,,0.0,0.0,,0
sigma2.0_nPeak2_prom500_min20.0_max250.0_exp5.0,DAPI,DAPI+,Right,Right: SSs,3,3853.8549999999996,386.0659719361446,3622.378,4299.534,0.1001765691589706,18521
sigma2.0_nPeak2_prom500_min20.0_max250.0_exp5.0,DAPI,DAPI+,Right,Right: SSs1,2,2120.4584999999997,163.52339289685762,2004.83,2236.087,0.07711699752523223,1549
sigma2.0_nPeak2_prom500_min20.0_max250.0_exp5.0,DAPI,DAPI+,Right,Right: SSs2/3,2,3744.944,137.63267810371187,3647.623,3842.265,0.03675159844945929,4603
sigma2.0_nPeak2_prom500_min20.0_max250.0_exp5.0,DAPI,DAPI+,Right,Right: SSs4,2,4719.275,112.2390593777407,4639.91,4798.64,0.023783114859324942,2962
sigma2.0_nPeak2_prom500_min20.0_max250.0_exp5.0,DAPI,DAPI+,Right,Right: SSs5,3,3748.4193333333333,281.80890036748934,3560.47,4072.443,0.07518072961086958,4287
sigma2.0_nPeak2_prom500_min20.0_max250.0_exp5.0,DAPI,DAPI+,Right,Right: SSs6a,3,4045.1486666666665,232.0990844818943,3870.14,4308.434,0.05737714571394269,4595
sigma2.0_nPeak2_prom500_min20.0_max250.0_exp5.0,DAPI,DAPI+,Right,Right: SSs6b,3,4240.665,600.0353021672977,3554.102,4664.667,0.1414955678336529,525
sigma2.0_nPeak2_prom500_min20.0_max250.0_exp5.0,DAPI,DAPI+,Right,Right: STN,1,4422.652,,4422.652,4422.652,,103
sigma2.0_nPeak2_prom500_min20.0_max250.0_exp5.0,DAPI,DAPI+,Right,Right: STR,5,3866.7536,206.01000835469114,3640.334,4174.257,0.05327725261694749,70623
sigma2.0_nPeak2_prom500_min20.0_max250.0_exp5.0,DAPI,DAPI+,Right,Right: STRd,5,4022.3754,230.38400571719393,3683.741,4239.502,0.05727561025686313,43417
sigma2.0_nPeak2_prom500_min20.0_max250.0_exp5.0,DAPI,DAPI+,Right,Right: STRv,3,2236.0923333333335,1734.0440218683414,262.901,3517.299,0.7754796150494417,8183
sigma2.0_nPeak2_prom500_min20.0_max250.0_exp5.0,DAPI,DAPI+,Right,Right: SUB,3,3118.018666666667,427.48562047668133,2838.191,3610.092,0.13710168737818587,2968
sigma2.0_nPeak2_prom500_min20.0_max250.0_exp5.0,DAPI,DAPI+,Right,Right: TEa,3,3110.751,491.47639140451093,2780.915,3675.613,0.1579928420514888,4842
sigma2.0_nPeak2_prom500_min20.0_max250.0_exp5.0,DAPI,DAPI+,Right,Right: TEa1,3,1475.5666666666666,91.69748026163715,1374.327,1553.044,0.062143908732218464,334
sigma2.0_nPeak2_prom500_min20.0_max250.0_exp5.0,DAPI,DAPI+,Right,Right: TEa2/3,3,3042.7576666666664,269.7118350134704,2755.519,3290.612,0.08864059007003969,968
sigma2.0_nPeak2_prom500_min20.0_max250.0_exp5.0,DAPI,DAPI+,Right,Right: TEa4,3,3340.6766666666667,866.1287850137147,2369.21,4032.246,0.2592674692693141,458
sigma2.0_nPeak2_prom500_min20.0_max250.0_exp5.0,DAPI,DAPI+,Right,Right: TEa5,3,3503.182666666667,551.4906102340577,2871.005,3885.645,0.15742559344152318,1493
sigma2.0_nPeak2_prom500_min20.0_max250.0_exp5.0,DAPI,DAPI+,Right,Right: TEa6a,2,4287.4815,822.6006530780901,3705.815,4869.148,0.19186103848566813,1417
sigma2.0_nPeak2_prom500_min20.0_max250.0_exp5.0,DAPI,DAPI+,Right,Right: TEa6b,2,4542.2185,600.8646944200501,4117.343,4967.094,0.1322844100124312,172
sigma2.0_nPeak2_prom500_min20.0_max250.0_exp5.0,DAPI,DAPI+,Right,Right: TH,5,2836.7604,1325.2047298879143,1448.37,4329.691,0.46715426861144643,48937
sigma2.0_nPeak2_prom500_min20.0_max250.0_exp5.0,DAPI,DAPI+,Right,Right: V3,5,1776.7097999999999,696.3757670171328,1004.265,2811.397,0.39194682610358367,945
sigma2.0_nPeak2_prom500_min20.0_max250.0_exp5.0,DAPI,DAPI+,Right,Right: VAL,3,3758.980333333333,366.35230171289095,3409.204,4139.918,0.09746055292287802,1572
sigma2.0_nPeak2_prom500_min20.0_max250.0_exp5.0,DAPI,DAPI+,Right,Right: VENT,4,3782.0815000000002,593.3791915082631,2955.163,4309.416,0.15689222760225108,17376
sigma2.0_nPeak2_prom500_min20.0_max250.0_exp5.0,DAPI,DAPI+,Right,Right: VIS,5,4184.3574,331.5127185392741,3649.827,4542.585,0.07922667373950278,28587
sigma2.0_nPeak2_prom500_min20.0_max250.0_exp5.0,DAPI,DAPI+,Right,Right: VISC,5,3203.1544000000004,687.5134036586487,2000.974,3674.278,0.2146363608506192,7505
sigma2.0_nPeak2_prom500_min20.0_max250.0_exp5.0,DAPI,DAPI+,Right,Right: VISC1,4,1164.10075,994.3611922942872,0.0,2352.812,0.8541882584426538,399
sigma2.0_nPeak2_prom500_min20.0_max250.0_exp5.0,DAPI,DAPI+,Right,Right: VISC2/3,4,3765.335,260.99463570349474,3535.018,4076.182,0.0693151169028771,1839
sigma2.0_nPeak2_prom500_min20.0_max250.0_exp5.0,DAPI,DAPI+,Right,Right: VISC4,4,3974.5085,640.0968235730695,3186.912,4586.715,0.16105056098711817,698
sigma2.0_nPeak2_prom500_min20.0_max250.0_exp5.0,DAPI,DAPI+,Right,Right: VISC5,4,3638.5195000000003,310.55631601960147,3436.806,4101.58,0.08535238467722969,2405
sigma2.0_nPeak2_prom500_min20.0_max250.0_exp5.0,DAPI,DAPI+,Right,Right: VISC6a,5,3528.0883999999996,912.1218056933517,1961.616,4269.411,0.258531448841631,1974
sigma2.0_nPeak2_prom500_min20.0_max250.0_exp5.0,DAPI,DAPI+,Right,Right: VISC6b,5,3831.7392,1110.7050505126012,2041.945,5000.385,0.2898696890729414,190
sigma2.0_nPeak2_prom500_min20.0_max250.0_exp5.0,DAPI,DAPI+,Right,Right: VISa,2,4214.8445,173.3026796806672,4092.301,4337.388,0.041117217890403124,6006
sigma2.0_nPeak2_prom500_min20.0_max250.0_exp5.0,DAPI,DAPI+,Right,Right: VISa1,2,3248.6795,176.06888140866948,3124.18,3373.179,0.05419706111626877,515
sigma2.0_nPeak2_prom500_min20.0_max250.0_exp5.0,DAPI,DAPI+,Right,Right: VISa2/3,2,4321.608,90.74442744323225,4257.442,4385.774,0.020997838638588288,1408
sigma2.0_nPeak2_prom500_min20.0_max250.0_exp5.0,DAPI,DAPI+,Right,Right: VISa4,2,4513.032499999999,113.06425299138567,4433.084,4592.981,0.02505283376341422,741
sigma2.0_nPeak2_prom500_min20.0_max250.0_exp5.0,DAPI,DAPI+,Right,Right: VISa5,2,3976.3459999999995,234.2927608783506,3810.676,4142.016,0.05892162323860917,1647
sigma2.0_nPeak2_prom500_min20.0_max250.0_exp5.0,DAPI,DAPI+,Right,Right: VISa6a,2,4666.5715,287.00969273615135,4463.625,4869.518,0.061503331243537435,1457
sigma2.0_nPeak2_prom500_min20.0_max250.0_exp5.0,DAPI,DAPI+,Right,Right: VISa6b,2,4417.6224999999995,388.8783240610094,4142.644,4692.601,0.08802887165234455,238
sigma2.0_nPeak2_prom500_min20.0_max250.0_exp5.0,DAPI,DAPI+,Right,Right: VISal,3,4115.713,868.7585864387182,3129.162,4766.403,0.21108337399588317,5518
sigma2.0_nPeak2_prom500_min20.0_max250.0_exp5.0,DAPI,DAPI+,Right,Right: VISal1,3,2850.3366666666666,621.9253813331093,2140.323,3298.626,0.21819365712346586,595
sigma2.0_nPeak2_prom500_min20.0_max250.0_exp5.0,DAPI,DAPI+,Right,Right: VISal2/3,3,4166.13,738.9445586828552,3374.804,4838.183,0.17736953928054458,1536
sigma2.0_nPeak2_prom500_min20.0_max250.0_exp5.0,DAPI,DAPI+,Right,Right: VISal4,3,4505.038333333333,1712.4523937880242,2539.092,5671.817,0.38011938347280605,844
sigma2.0_nPeak2_prom500_min20.0_max250.0_exp5.0,DAPI,DAPI+,Right,Right: VISal5,3,4377.345333333334,994.4078793484758,3246.843,5116.724,0.2271714483607437,1620
sigma2.0_nPeak2_prom500_min20.0_max250.0_exp5.0,DAPI,DAPI+,Right,Right: VISal6a,3,4174.298666666667,839.407553176842,3663.519,5143.084,0.20108948118155148,752
sigma2.0_nPeak2_prom500_min20.0_max250.0_exp5.0,DAPI,DAPI+,Right,Right: VISal6b,2,5043.342000000001,171.7392665874631,4921.904,5164.78,0.03405267114295701,171
sigma2.0_nPeak2_prom500_min20.0_max250.0_exp5.0,DAPI,DAPI+,Right,Right: VISam,2,4196.7474999999995,47.820924504864635,4162.933,4230.562,0.01139475856121071,2976
sigma2.0_nPeak2_prom500_min20.0_max250.0_exp5.0,DAPI,DAPI+,Right,Right: VISam1,2,2908.1825,110.36027666012778,2830.146,2986.219,0.03794819501875408,521
sigma2.0_nPeak2_prom500_min20.0_max250.0_exp5.0,DAPI,DAPI+,Right,Right: VISam2/3,2,4862.1365000000005,108.17673091982407,4785.644,4938.629,0.02224880583254379,1157
sigma2.0_nPeak2_prom500_min20.0_max250.0_exp5.0,DAPI,DAPI+,Right,Right: VISam4,2,4501.411,215.20229199987665,4349.24,4653.582,0.04780774117268489,247
sigma2.0_nPeak2_prom500_min20.0_max250.0_exp5.0,DAPI,DAPI+,Right,Right: VISam5,2,4291.692,182.4759759530001,4162.662,4420.722,0.042518423025930126,751
sigma2.0_nPeak2_prom500_min20.0_max250.0_exp5.0,DAPI,DAPI+,Right,Right: VISam6a,2,4908.4055,204.97257819645046,4763.468,5053.343,0.041759503813702935,282
sigma2.0_nPeak2_prom500_min20.0_max250.0_exp5.0,DAPI,DAPI+,Right,Right: VISam6b,1,3954.17,,3954.17,3954.17,,18
sigma2.0_nPeak2_prom500_min20.0_max250.0_exp5.0,DAPI,DAPI+,Right,Right: VISl,2,2266.193,3204.8808755549717,0.0,4532.386,1.4142135623730951,1097
sigma2.0_nPeak2_prom500_min20.0_max250.0_exp5.0,DAPI,DAPI+,Right,Right: VISl1,2,2693.4905,782.527497574686,2140.16,3246.821,0.2905254344036803,162
sigma2.0_nPeak2_prom500_min20.0_max250.0_exp5.0,DAPI,DAPI+,Right,Right: VISl2/3,1,4857.421,,4857.421,4857.421,,352
sigma2.0_nPeak2_prom500_min20.0_max250.0_exp5.0,DAPI,DAPI+,Right,Right: VISl4,1,5270.927,,5270.927,5270.927,,214
sigma2.0_nPeak2_prom500_min20.0_max250.0_exp5.0,DAPI,DAPI+,Right,Right: VISl5,1,4320.545,,4320.545,4320.545,,233
sigma2.0_nPeak2_prom500_min20.0_max250.0_exp5.0,DAPI,DAPI+,Right,Right: VISl6a,1,5143.874,,5143.874,5143.874,,121
sigma2.0_nPeak2_prom500_min20.0_max250.0_exp5.0,DAPI,DAPI+,Right,Right: VISl6b,1,6050.356,,6050.356,6050.356,,21
sigma2.0_nPeak2_prom500_min20.0_max250.0_exp5.0,DAPI,DAPI+,Right,Right: VISp,3,4238.691666666667,379.20537456678204,3819.343,4557.484,0.08946283532460654,15905
sigma2.0_nPeak2_prom500_min20.0_max250.0_exp5.0,DAPI,DAPI+,Right,Right: VISp1,3,2949.311,438.17144723384257,2456.321,3294.37,0.14856739327722393,1740
sigma2.0_nPeak2_prom500_min20.0_max250.0_exp5.0,DAPI,DAPI+,Right,Right: VISp2/3,3,4214.225333333333,196.56252263932026,4001.0,4388.203,0.04664262280532704,4450
sigma2.0_nPeak2_prom500_min20.0_max250.0_exp5.0,DAPI,DAPI+,Right,Right: VISp4,3,4901.133333333333,852.4073839487389,3920.231,5462.092,0.1739204640998828,2723
sigma2.0_nPeak2_prom500_min20.0_max250.0_exp5.0,DAPI,DAPI+,Right,Right: VISp5,3,4038.74,442.43330097089176,3646.116,4518.128,0.10954735907012875,3489
sigma2.0_nPeak2_prom500_min20.0_max250.0_exp5.0,DAPI,DAPI+,Right,Right: VISp6a,3,5059.542333333334,185.29850254206912,4853.175,5211.664,0.036623569946491685,2874
sigma2.0_nPeak2_prom500_min20.0_max250.0_exp5.0,DAPI,DAPI+,Right,Right: VISp6b,3,5470.927333333333,450.7779092794291,4981.399,5868.898,0.08239515566820343,629
sigma2.0_nPeak2_prom500_min20.0_max250.0_exp5.0,DAPI,DAPI+,Right,Right: VISpm,3,4048.384,202.5693117996901,3818.798,4201.933,0.05003707943705194,3085
sigma2.0_nPeak2_prom500_min20.0_max250.0_exp5.0,DAPI,DAPI+,Right,Right: VISpm1,3,2356.662333333333,703.8906635595712,1852.105,3160.782,0.298681170231107,267
sigma2.0_nPeak2_prom500_min20.0_max250.0_exp5.0,DAPI,DAPI+,Right,Right: VISpm2/3,3,4403.435333333334,239.59270044459547,4128.794,4569.631,0.05441040512867653,805
sigma2.0_nPeak2_prom500_min20.0_max250.0_exp5.0,DAPI,DAPI+,Right,Right: VISpm4,3,4554.4906666666675,732.6669972889001,3891.385,5341.037,0.1608669444974674,277
sigma2.0_nPeak2_prom500_min20.0_max250.0_exp5.0,DAPI,DAPI+,Right,Right: VISpm5,3,4191.284000000001,86.38229694213989,4093.119,4255.684,0.020609984181969028,976
sigma2.0_nPeak2_prom500_min20.0_max250.0_exp5.0,DAPI,DAPI+,Right,Right: VISpm6a,3,4440.6883333333335,367.2374915532638,4074.718,4809.18,0.08269832602226392,623
sigma2.0_nPeak2_prom500_min20.0_max250.0_exp5.0,DAPI,DAPI+,Right,Right: VISpm6b,3,4600.843666666667,436.3402388163777,4147.308,5017.669,0.09483917960040322,137
sigma2.0_nPeak2_prom500_min20.0_max250.0_exp5.0,DAPI,DAPI+,Right,Right: VISrl,4,4152.44375,355.48907402560684,3716.253,4515.187,0.08560960615676173,3074
sigma2.0_nPeak2_prom500_min20.0_max250.0_exp5.0,DAPI,DAPI+,Right,Right: VISrl1,3,3477.744,687.625071925828,2813.055,4186.213,0.19772158960689112,429
sigma2.0_nPeak2_prom500_min20.0_max250.0_exp5.0,DAPI,DAPI+,Right,Right: VISrl2/3,3,4666.409333333333,305.8158618913236,4439.831,5014.262,0.06553558422464231,834
sigma2.0_nPeak2_prom500_min20.0_max250.0_exp5.0,DAPI,DAPI+,Right,Right: VISrl4,3,5255.811000000001,377.8539805837697,4823.832,5524.897,0.07189261192683102,451
sigma2.0_nPeak2_prom500_min20.0_max250.0_exp5.0,DAPI,DAPI+,Right,Right: VISrl5,3,3935.6030000000005,798.8753242659335,3089.298,4676.604,0.20298676575506558,647
sigma2.0_nPeak2_prom500_min20.0_max250.0_exp5.0,DAPI,DAPI+,Right,Right: VISrl6a,3,4633.227666666667,756.1300932421178,3761.412,5110.194,0.16319726714100988,602
sigma2.0_nPeak2_prom500_min20.0_max250.0_exp5.0,DAPI,DAPI+,Right,Right: VISrl6b,2,4387.1849999999995,790.6033641226172,3828.144,4946.226,0.1802074369151557,111
sigma2.0_nPeak2_prom500_min20.0_max250.0_exp5.0,DAPI,DAPI+,Right,Right: VL,5,2228.6074,2108.3824928230642,344.374,5243.61,0.9460537970138053,1374
sigma2.0_nPeak2_prom500_min20.0_max250.0_exp5.0,DAPI,DAPI+,Right,Right: VM,3,3642.938,36.17426788478233,3612.537,3682.946,0.009929970777647693,3901
sigma2.0_nPeak2_prom500_min20.0_max250.0_exp5.0,DAPI,DAPI+,Right,Right: VMH,1,1962.213,,1962.213,1962.213,,4
sigma2.0_nPeak2_prom500_min20.0_max250.0_exp5.0,DAPI,DAPI+,Right,Right: VP,4,2723.90575,1935.1631920742282,0.0,4262.878,0.7104369129050182,11815
sigma2.0_nPeak2_prom500_min20.0_max250.0_exp5.0,DAPI,DAPI+,Right,Right: VPL,4,4300.54775,596.8620441315707,3915.315,5184.149,0.13878744728077272,3289
sigma2.0_nPeak2_prom500_min20.0_max250.0_exp5.0,DAPI,DAPI+,Right,Right: VPLpc,1,0.0,,0.0,0.0,,0
sigma2.0_nPeak2_prom500_min20.0_max250.0_exp5.0,DAPI,DAPI+,Right,Right: VPM,3,3982.9426666666673,362.61269355792473,3649.846,4369.202,0.09104140428448497,9264
sigma2.0_nPeak2_prom500_min20.0_max250.0_exp5.0,DAPI,DAPI+,Right,Right: VPMpc,1,3484.981,,3484.981,3484.981,,482
sigma2.0_nPeak2_prom500_min20.0_max250.0_exp5.0,DAPI,DAPI+,Right,Right: VS,5,1961.0756000000001,1432.5475798689201,763.349,4246.372,0.7304907469497454,2319
sigma2.0_nPeak2_prom500_min20.0_max250.0_exp5.0,DAPI,DAPI+,Right,Right: Xi,3,3990.083666666667,576.1368452940093,3333.315,4410.255,0.14439217154945438,464
sigma2.0_nPeak2_prom500_min20.0_max250.0_exp5.0,DAPI,DAPI+,Right,Right: ZI,3,4626.490000000001,433.4235131865831,4262.969,5106.152,0.09368301091898674,3524
sigma2.0_nPeak2_prom500_min20.0_max250.0_exp5.0,DAPI,DAPI+,Right,Right: aco,1,3892.729,,3892.729,3892.729,,85
sigma2.0_nPeak2_prom500_min20.0_max250.0_exp5.0,DAPI,DAPI+,Right,Right: act,2,4822.475,306.36391244400875,4605.843,5039.107,0.06352835679687478,1872
sigma2.0_nPeak2_prom500_min20.0_max250.0_exp5.0,DAPI,DAPI+,Right,Right: alv,5,3873.3844,890.4052781595021,2401.654,4615.918,0.22987785001651326,2938
sigma2.0_nPeak2_prom500_min20.0_max250.0_exp5.0,DAPI,DAPI+,Right,Right: amc,3,3973.2863333333335,178.79905730269752,3822.751,4170.92,0.045000295046115274,643
sigma2.0_nPeak2_prom500_min20.0_max250.0_exp5.0,DAPI,DAPI+,Right,Right: ar,3,4429.008333333333,344.2212182250439,4034.156,4665.893,0.07771970434880131,2342
sigma2.0_nPeak2_prom500_min20.0_max250.0_exp5.0,DAPI,DAPI+,Right,Right: bsc,3,3638.8790000000004,782.6893209588336,2735.108,4091.793,0.21509077959416445,544
sigma2.0_nPeak2_prom500_min20.0_max250.0_exp5.0,DAPI,DAPI+,Right,Right: cc,5,4493.0306,343.03777147538716,3908.536,4812.962,0.07634886160699354,13147
sigma2.0_nPeak2_prom500_min20.0_max250.0_exp5.0,DAPI,DAPI+,Right,Right: ccb,3,4482.1973333333335,74.25951496160845,4409.357,4557.799,0.016567658547595208,3864
sigma2.0_nPeak2_prom500_min20.0_max250.0_exp5.0,DAPI,DAPI+,Right,Right: ccs,5,4617.8096,740.9954313791685,3461.813,5480.269,0.1604646998393283,3170
sigma2.0_nPeak2_prom500_min20.0_max250.0_exp5.0,DAPI,DAPI+,Right,Right: chpl,5,2897.2051999999994,4016.9616491055394,46.141,8799.514,1.3864953884196882,104
sigma2.0_nPeak2_prom500_min20.0_max250.0_exp5.0,DAPI,DAPI+,Right,Right: cing,5,4474.7844,181.9734596494774,4299.725,4706.928,0.04066641951497762,2153
sigma2.0_nPeak2_prom500_min20.0_max250.0_exp5.0,DAPI,DAPI+,Right,Right: cm,5,1920.1752000000001,945.2453853665196,897.746,3212.156,0.49227038520574556,2912
sigma2.0_nPeak2_prom500_min20.0_max250.0_exp5.0,DAPI,DAPI+,Right,Right: cst,5,0.0,0.0,0.0,0.0,,0
sigma2.0_nPeak2_prom500_min20.0_max250.0_exp5.0,DAPI,DAPI+,Right,Right: dhc,5,0.0,0.0,0.0,0.0,,0
sigma2.0_nPeak2_prom500_min20.0_max250.0_exp5.0,DAPI,DAPI+,Right,Right: ec,5,759.6292000000001,1698.5825288937833,0.0,3798.146,2.2360679774997894,379
sigma2.0_nPeak2_prom500_min20.0_max250.0_exp5.0,DAPI,DAPI+,Right,Right: ee,3,2625.972333333333,668.341855683402,2095.964,3376.774,0.2545121466816934,142
sigma2.0_nPeak2_prom500_min20.0_max250.0_exp5.0,DAPI,DAPI+,Right,Right: em,3,3946.1993333333335,444.77007076615774,3434.172,4236.73,0.11270846533503995,310
sigma2.0_nPeak2_prom500_min20.0_max250.0_exp5.0,DAPI,DAPI+,Right,Right: eps,3,0.0,0.0,0.0,0.0,,0
sigma2.0_nPeak2_prom500_min20.0_max250.0_exp5.0,DAPI,DAPI+,Right,Right: epsc,3,0.0,0.0,0.0,0.0,,0
sigma2.0_nPeak2_prom500_min20.0_max250.0_exp5.0,DAPI,DAPI+,Right,Right: fa,5,3097.436,1738.5465114980389,0.0,4031.938,0.5612856929079532,801
sigma2.0_nPeak2_prom500_min20.0_max250.0_exp5.0,DAPI,DAPI+,Right,Right: fi,5,4776.991800000001,343.1337455507694,4308.394,5211.112,0.07183050754886566,4331
sigma2.0_nPeak2_prom500_min20.0_max250.0_exp5.0,DAPI,DAPI+,Right,Right: fiber tracts,5,4146.652,173.93700550342925,3934.185,4302.11,0.04194637155551738,60540
sigma2.0_nPeak2_prom500_min20.0_max250.0_exp5.0,DAPI,DAPI+,Right,Right: fp,3,4667.066666666667,564.6120662059333,4039.568,5134.018,0.12097793036438304,4791
sigma2.0_nPeak2_prom500_min20.0_max250.0_exp5.0,DAPI,DAPI+,Right,Right: fr,3,1485.6176666666668,2573.165279288591,0.0,4456.853,1.7320508075688772,171
sigma2.0_nPeak2_prom500_min20.0_max250.0_exp5.0,DAPI,DAPI+,Right,Right: fx,5,1893.3758000000003,2593.788804394876,0.0,4843.943,1.3699281486511423,730
sigma2.0_nPeak2_prom500_min20.0_max250.0_exp5.0,DAPI,DAPI+,Right,Right: fxpo,5,4522.2094,280.1242291355749,4087.055,4822.265,0.06194410836782015,1095
sigma2.0_nPeak2_prom500_min20.0_max250.0_exp5.0,DAPI,DAPI+,Right,Right: fxs,5,4214.9492,813.6652215126317,2946.487,5004.865,0.19304271128881734,10633
sigma2.0_nPeak2_prom500_min20.0_max250.0_exp5.0,DAPI,DAPI+,Right,Right: grey,5,599.05,1009.363563343506,0.0,2329.431,1.6849404279167117,72647
sigma2.0_nPeak2_prom500_min20.0_max250.0_exp5.0,DAPI,DAPI+,Right,Right: hbc,1,623.261,,623.261,623.261,,40
sigma2.0_nPeak2_prom500_min20.0_max250.0_exp5.0,DAPI,DAPI+,Right,Right: hc,5,4750.4256000000005,317.2637794868804,4489.234,5265.356,0.06678639056822201,2861
sigma2.0_nPeak2_prom500_min20.0_max250.0_exp5.0,DAPI,DAPI+,Right,Right: int,5,4213.3528,232.58465611836894,3988.067,4596.894,0.05520179941218522,7985
sigma2.0_nPeak2_prom500_min20.0_max250.0_exp5.0,DAPI,DAPI+,Right,Right: lfbs,5,4444.827,128.85314866350748,4337.937,4665.923,0.028989463181245855,31388
sigma2.0_nPeak2_prom500_min20.0_max250.0_exp5.0,DAPI,DAPI+,Right,Right: lfbst,5,2741.5222000000003,2504.994562180565,0.0,4716.091,0.9137239750167132,8954
sigma2.0_nPeak2_prom500_min20.0_max250.0_exp5.0,DAPI,DAPI+,Right,Right: lot,5,0.0,0.0,0.0,0.0,,0
sigma2.0_nPeak2_prom500_min20.0_max250.0_exp5.0,DAPI,DAPI+,Right,Right: lotg,5,1493.2134,1015.2897076841172,107.206,2618.625,0.6799361080500061,409
sigma2.0_nPeak2_prom500_min20.0_max250.0_exp5.0,DAPI,DAPI+,Right,Right: mct,2,4424.773,360.569304076207,4169.812,4679.734,0.08148876881959978,84
sigma2.0_nPeak2_prom500_min20.0_max250.0_exp5.0,DAPI,DAPI+,Right,Right: mfb,2,2448.3179999999998,625.1615905284007,2006.262,2890.374,0.2553432971241484,3
sigma2.0_nPeak2_prom500_min20.0_max250.0_exp5.0,DAPI,DAPI+,Right,Right: mfbc,5,4212.4202000000005,614.0462901978159,3232.901,4741.936,0.14577042674845586,16967
sigma2.0_nPeak2_prom500_min20.0_max250.0_exp5.0,DAPI,DAPI+,Right,Right: mfbs,5,4168.799400000001,671.5221385898608,3057.193,4725.371,0.16108286203213823,19707
sigma2.0_nPeak2_prom500_min20.0_max250.0_exp5.0,DAPI,DAPI+,Right,Right: mfbse,5,3178.649,2094.2840460068924,0.0,4678.302,0.658859800502318,1837
sigma2.0_nPeak2_prom500_min20.0_max250.0_exp5.0,DAPI,DAPI+,Right,Right: mfbsma,3,0.0,0.0,0.0,0.0,,0
sigma2.0_nPeak2_prom500_min20.0_max250.0_exp5.0,DAPI,DAPI+,Right,Right: mfsbshy,5,3936.2093999999997,1019.2401774146759,2261.725,4815.311,0.258939521209079,2740
sigma2.0_nPeak2_prom500_min20.0_max250.0_exp5.0,DAPI,DAPI+,Right,Right: mtt,3,3345.2926666666667,336.69243634856633,3012.375,3685.637,0.10064663092214741,365
sigma2.0_nPeak2_prom500_min20.0_max250.0_exp5.0,DAPI,DAPI+,Right,Right: nst,3,4287.723666666667,938.2493326303694,3517.493,5332.665,0.21882224825364663,334
sigma2.0_nPeak2_prom500_min20.0_max250.0_exp5.0,DAPI,DAPI+,Right,Right: och,3,1499.8346666666666,1591.8915677716034,0.0,3170.073,1.0613780326264428,421
sigma2.0_nPeak2_prom500_min20.0_max250.0_exp5.0,DAPI,DAPI+,Right,Right: opt,3,2446.5643333333333,764.2197231427184,1680.882,3209.313,0.3123644503153136,1287
sigma2.0_nPeak2_prom500_min20.0_max250.0_exp5.0,DAPI,DAPI+,Right,Right: or,5,4603.7194,164.540804262347,4371.046,4771.324,0.03574084125595209,7604
sigma2.0_nPeak2_prom500_min20.0_max250.0_exp5.0,DAPI,DAPI+,Right,Right: pc,2,3390.682,853.6207204619623,2787.081,3994.283,0.2517548742294212,159
sigma2.0_nPeak2_prom500_min20.0_max250.0_exp5.0,DAPI,DAPI+,Right,Right: root,5,3689.03,73.9863639024111,3575.212,3759.419,0.0200557772374882,508239
sigma2.0_nPeak2_prom500_min20.0_max250.0_exp5.0,DAPI,DAPI+,Right,Right: sAMY,3,3548.638333333333,704.7897042730783,2756.355,4105.851,0.19860849093941058,12614
sigma2.0_nPeak2_prom500_min20.0_max250.0_exp5.0,DAPI,DAPI+,Right,Right: scwm,5,4424.2858,633.2158449657588,3954.513,5501.916,0.14312272615068378,1409
sigma2.0_nPeak2_prom500_min20.0_max250.0_exp5.0,DAPI,DAPI+,Right,Right: sm,2,2413.973,3413.8733558024674,0.0,4827.946,1.4142135623730951,535
sigma2.0_nPeak2_prom500_min20.0_max250.0_exp5.0,DAPI,DAPI+,Right,Right: st,5,4143.1298,503.55000523105934,3479.926,4621.597,0.12153855407355554,1666
sigma2.0_nPeak2_prom500_min20.0_max250.0_exp5.0,DAPI,DAPI+,Right,Right: stc,2,3909.9300000000003,63.28181427550882,3865.183,3954.677,0.016184896986776956,439
sigma2.0_nPeak2_prom500_min20.0_max250.0_exp5.0,DAPI,DAPI+,Right,Right: sup,1,0.0,,0.0,0.0,,0
sigma2.0_nPeak2_prom500_min20.0_max250.0_exp5.0,DAPI,DAPI+,,allen_mouse_10um_java,5,3692.4103999999998,69.01146018814565,3625.396,3766.47,0.018690083905122154,1016741
sigma2.0_nPeak2_prom500_min20.0_max250.0_exp5.0,TdT,TdT+,Left,Left: AAA,1,0.0,,0.0,0.0,,0
sigma2.0_nPeak2_prom500_min20.0_max250.0_exp5.0,TdT,TdT+,Left,Left: ACB,2,0.0,0.0,0.0,0.0,,0
sigma2.0_nPeak2_prom500_min20.0_max250.0_exp5.0,TdT,TdT+,Left,Left: AD,2,0.0,0.0,0.0,0.0,,0
sigma2.0_nPeak2_prom500_min20.0_max250.0_exp5.0,TdT,TdT+,Left,Left: ADP,1,0.0,,0.0,0.0,,0
sigma2.0_nPeak2_prom500_min20.0_max250.0_exp5.0,TdT,TdT+,Left,Left: AHN,3,0.0,0.0,0.0,0.0,,0
sigma2.0_nPeak2_prom500_min20.0_max250.0_exp5.0,TdT,TdT+,Left,Left: AI,5,0.0,0.0,0.0,0.0,,0
sigma2.0_nPeak2_prom500_min20.0_max250.0_exp5.0,TdT,TdT+,Left,Left: AIp,5,0.0,0.0,0.0,0.0,,0
sigma2.0_nPeak2_prom500_min20.0_max250.0_exp5.0,TdT,TdT+,Left,Left: AIp1,5,0.0,0.0,0.0,0.0,,0
sigma2.0_nPeak2_prom500_min20.0_max250.0_exp5.0,TdT,TdT+,Left,Left: AIp2/3,5,0.0,0.0,0.0,0.0,,0
sigma2.0_nPeak2_prom500_min20.0_max250.0_exp5.0,TdT,TdT+,Left,Left: AIp5,5,0.0,0.0,0.0,0.0,,0
sigma2.0_nPeak2_prom500_min20.0_max250.0_exp5.0,TdT,TdT+,Left,Left: AIp6a,5,0.0,0.0,0.0,0.0,,0
sigma2.0_nPeak2_prom500_min20.0_max250.0_exp5.0,TdT,TdT+,Left,Left: AIp6b,4,0.0,0.0,0.0,0.0,,0
sigma2.0_nPeak2_prom500_min20.0_max250.0_exp5.0,TdT,TdT+,Left,Left: AM,2,0.0,0.0,0.0,0.0,,0
sigma2.0_nPeak2_prom500_min20.0_max250.0_exp5.0,TdT,TdT+,Left,Left: AMd,2,0.0,0.0,0.0,0.0,,0
sigma2.0_nPeak2_prom500_min20.0_max250.0_exp5.0,TdT,TdT+,Left,Left: AMv,2,0.0,0.0,0.0,0.0,,0
sigma2.0_nPeak2_prom500_min20.0_max250.0_exp5.0,TdT,TdT+,Left,Left: APN,3,0.0,0.0,0.0,0.0,,0
sigma2.0_nPeak2_prom500_min20.0_max250.0_exp5.0,TdT,TdT+,Left,Left: ASO,1,0.0,,0.0,0.0,,0
sigma2.0_nPeak2_prom500_min20.0_max250.0_exp5.0,TdT,TdT+,Left,Left: ATN,2,0.0,0.0,0.0,0.0,,0
sigma2.0_nPeak2_prom500_min20.0_max250.0_exp5.0,TdT,TdT+,Left,Left: AUD,3,0.0,0.0,0.0,0.0,,0
sigma2.0_nPeak2_prom500_min20.0_max250.0_exp5.0,TdT,TdT+,Left,Left: AUDd,2,0.0,0.0,0.0,0.0,,0
sigma2.0_nPeak2_prom500_min20.0_max250.0_exp5.0,TdT,TdT+,Left,Left: AUDd1,1,0.0,,0.0,0.0,,0
sigma2.0_nPeak2_prom500_min20.0_max250.0_exp5.0,TdT,TdT+,Left,Left: AUDd2/3,1,0.0,,0.0,0.0,,0
sigma2.0_nPeak2_prom500_min20.0_max250.0_exp5.0,TdT,TdT+,Left,Left: AUDd4,1,0.0,,0.0,0.0,,0
sigma2.0_nPeak2_prom500_min20.0_max250.0_exp5.0,TdT,TdT+,Left,Left: AUDd5,2,0.0,0.0,0.0,0.0,,0
sigma2.0_nPeak2_prom500_min20.0_max250.0_exp5.0,TdT,TdT+,Left,Left: AUDd6a,2,0.0,0.0,0.0,0.0,,0
sigma2.0_nPeak2_prom500_min20.0_max250.0_exp5.0,TdT,TdT+,Left,Left: AUDd6b,2,0.0,0.0,0.0,0.0,,0
sigma2.0_nPeak2_prom500_min20.0_max250.0_exp5.0,TdT,TdT+,Left,Left: AUDp,3,0.0,0.0,0.0,0.0,,0
sigma2.0_nPeak2_prom500_min20.0_max250.0_exp5.0,TdT,TdT+,Left,Left: AUDp1,3,0.0,0.0,0.0,0.0,,0
sigma2.0_nPeak2_prom500_min20.0_max250.0_exp5.0,TdT,TdT+,Left,Left: AUDp2/3,3,0.0,0.0,0.0,0.0,,0
sigma2.0_nPeak2_prom500_min20.0_max250.0_exp5.0,TdT,TdT+,Left,Left: AUDp4,3,0.0,0.0,0.0,0.0,,0
sigma2.0_nPeak2_prom500_min20.0_max250.0_exp5.0,TdT,TdT+,Left,Left: AUDp5,3,0.0,0.0,0.0,0.0,,0
sigma2.0_nPeak2_prom500_min20.0_max250.0_exp5.0,TdT,TdT+,Left,Left: AUDp6a,3,0.0,0.0,0.0,0.0,,0
sigma2.0_nPeak2_prom500_min20.0_max250.0_exp5.0,TdT,TdT+,Left,Left: AUDp6b,2,0.0,0.0,0.0,0.0,,0
sigma2.0_nPeak2_prom500_min20.0_max250.0_exp5.0,TdT,TdT+,Left,Left: AUDpo,2,0.0,0.0,0.0,0.0,,0
sigma2.0_nPeak2_prom500_min20.0_max250.0_exp5.0,TdT,TdT+,Left,Left: AUDpo1,2,0.0,0.0,0.0,0.0,,0
sigma2.0_nPeak2_prom500_min20.0_max250.0_exp5.0,TdT,TdT+,Left,Left: AUDpo2/3,2,0.0,0.0,0.0,0.0,,0
sigma2.0_nPeak2_prom500_min20.0_max250.0_exp5.0,TdT,TdT+,Left,Left: AUDpo4,2,0.0,0.0,0.0,0.0,,0
sigma2.0_nPeak2_prom500_min20.0_max250.0_exp5.0,TdT,TdT+,Left,Left: AUDpo5,2,0.0,0.0,0.0,0.0,,0
sigma2.0_nPeak2_prom500_min20.0_max250.0_exp5.0,TdT,TdT+,Left,Left: AUDpo6a,2,0.0,0.0,0.0,0.0,,0
sigma2.0_nPeak2_prom500_min20.0_max250.0_exp5.0,TdT,TdT+,Left,Left: AUDpo6b,1,0.0,,0.0,0.0,,0
sigma2.0_nPeak2_prom500_min20.0_max250.0_exp5.0,TdT,TdT+,Left,Left: AUDv,3,0.0,0.0,0.0,0.0,,0
sigma2.0_nPeak2_prom500_min20.0_max250.0_exp5.0,TdT,TdT+,Left,Left: AUDv1,3,0.0,0.0,0.0,0.0,,0
sigma2.0_nPeak2_prom500_min20.0_max250.0_exp5.0,TdT,TdT+,Left,Left: AUDv2/3,3,0.0,0.0,0.0,0.0,,0
sigma2.0_nPeak2_prom500_min20.0_max250.0_exp5.0,TdT,TdT+,Left,Left: AUDv4,3,0.0,0.0,0.0,0.0,,0
sigma2.0_nPeak2_prom500_min20.0_max250.0_exp5.0,TdT,TdT+,Left,Left: AUDv5,3,0.0,0.0,0.0,0.0,,0
sigma2.0_nPeak2_prom500_min20.0_max250.0_exp5.0,TdT,TdT+,Left,Left: AUDv6a,3,0.0,0.0,0.0,0.0,,0
sigma2.0_nPeak2_prom500_min20.0_max250.0_exp5.0,TdT,TdT+,Left,Left: AUDv6b,3,0.0,0.0,0.0,0.0,,0
sigma2.0_nPeak2_prom500_min20.0_max250.0_exp5.0,TdT,TdT+,Left,Left: AV,2,0.0,0.0,0.0,0.0,,0
sigma2.0_nPeak2_prom500_min20.0_max250.0_exp5.0,TdT,TdT+,Left,Left: AVP,2,0.0,0.0,0.0,0.0,,0
sigma2.0_nPeak2_prom500_min20.0_max250.0_exp5.0,TdT,TdT+,Left,Left: AVPV,2,0.0,0.0,0.0,0.0,,0
sigma2.0_nPeak2_prom500_min20.0_max250.0_exp5.0,TdT,TdT+,Left,Left: BAC,1,0.0,,0.0,0.0,,0
sigma2.0_nPeak2_prom500_min20.0_max250.0_exp5.0,TdT,TdT+,Left,Left: BLA,3,0.0,0.0,0.0,0.0,,0
sigma2.0_nPeak2_prom500_min20.0_max250.0_exp5.0,TdT,TdT+,Left,Left: BLAa,3,0.0,0.0,0.0,0.0,,0
sigma2.0_nPeak2_prom500_min20.0_max250.0_exp5.0,TdT,TdT+,Left,Left: BLAp,1,0.0,,0.0,0.0,,0
sigma2.0_nPeak2_prom500_min20.0_max250.0_exp5.0,TdT,TdT+,Left,Left: BMA,3,0.0,0.0,0.0,0.0,,0
sigma2.0_nPeak2_prom500_min20.0_max250.0_exp5.0,TdT,TdT+,Left,Left: BMAa,3,0.0,0.0,0.0,0.0,,0
sigma2.0_nPeak2_prom500_min20.0_max250.0_exp5.0,TdT,TdT+,Left,Left: BS,5,0.0,0.0,0.0,0.0,,0
sigma2.0_nPeak2_prom500_min20.0_max250.0_exp5.0,TdT,TdT+,Left,Left: BST,2,0.0,0.0,0.0,0.0,,0
sigma2.0_nPeak2_prom500_min20.0_max250.0_exp5.0,TdT,TdT+,Left,Left: CA,5,0.0,0.0,0.0,0.0,,0
sigma2.0_nPeak2_prom500_min20.0_max250.0_exp5.0,TdT,TdT+,Left,Left: CA1,5,0.0,0.0,0.0,0.0,,0
sigma2.0_nPeak2_prom500_min20.0_max250.0_exp5.0,TdT,TdT+,Left,Left: CA2,5,0.0,0.0,0.0,0.0,,0
sigma2.0_nPeak2_prom500_min20.0_max250.0_exp5.0,TdT,TdT+,Left,Left: CA3,5,0.0,0.0,0.0,0.0,,0
sigma2.0_nPeak2_prom500_min20.0_max250.0_exp5.0,TdT,TdT+,Left,Left: CEA,3,0.0,0.0,0.0,0.0,,0
sigma2.0_nPeak2_prom500_min20.0_max250.0_exp5.0,TdT,TdT+,Left,Left: CEAc,3,0.0,0.0,0.0,0.0,,0
sigma2.0_nPeak2_prom500_min20.0_max250.0_exp5.0,TdT,TdT+,Left,Left: CEAl,3,0.0,0.0,0.0,0.0,,0
sigma2.0_nPeak2_prom500_min20.0_max250.0_exp5.0,TdT,TdT+,Left,Left: CEAm,3,0.0,0.0,0.0,0.0,,0
sigma2.0_nPeak2_prom500_min20.0_max250.0_exp5.0,TdT,TdT+,Left,Left: CH,5,0.0,0.0,0.0,0.0,,0
sigma2.0_nPeak2_prom500_min20.0_max250.0_exp5.0,TdT,TdT+,Left,Left: CL,3,0.0,0.0,0.0,0.0,,0
sigma2.0_nPeak2_prom500_min20.0_max250.0_exp5.0,TdT,TdT+,Left,Left: CLA,2,0.0,0.0,0.0,0.0,,0
sigma2.0_nPeak2_prom500_min20.0_max250.0_exp5.0,TdT,TdT+,Left,Left: CM,3,0.0,0.0,0.0,0.0,,0
sigma2.0_nPeak2_prom500_min20.0_max250.0_exp5.0,TdT,TdT+,Left,Left: CNU,5,0.0,0.0,0.0,0.0,,0
sigma2.0_nPeak2_prom500_min20.0_max250.0_exp5.0,TdT,TdT+,Left,Left: COA,3,0.0,0.0,0.0,0.0,,0
sigma2.0_nPeak2_prom500_min20.0_max250.0_exp5.0,TdT,TdT+,Left,Left: COAa,3,0.0,0.0,0.0,0.0,,0
sigma2.0_nPeak2_prom500_min20.0_max250.0_exp5.0,TdT,TdT+,Left,Left: CP,5,0.0,0.0,0.0,0.0,,0
sigma2.0_nPeak2_prom500_min20.0_max250.0_exp5.0,TdT,TdT+,Left,Left: CTX,5,0.0,0.0,0.0,0.0,,0
sigma2.0_nPeak2_prom500_min20.0_max250.0_exp5.0,TdT,TdT+,Left,Left: CTXpl,5,0.0,0.0,0.0,0.0,,0
sigma2.0_nPeak2_prom500_min20.0_max250.0_exp5.0,TdT,TdT+,Left,Left: CTXsp,5,0.0,0.0,0.0,0.0,,0
sigma2.0_nPeak2_prom500_min20.0_max250.0_exp5.0,TdT,TdT+,Left,Left: DG,5,0.0,0.0,0.0,0.0,,0
sigma2.0_nPeak2_prom500_min20.0_max250.0_exp5.0,TdT,TdT+,Left,Left: DG-mo,5,0.0,0.0,0.0,0.0,,0
sigma2.0_nPeak2_prom500_min20.0_max250.0_exp5.0,TdT,TdT+,Left,Left: DG-po,5,0.0,0.0,0.0,0.0,,0
sigma2.0_nPeak2_prom500_min20.0_max250.0_exp5.0,TdT,TdT+,Left,Left: DG-sg,5,0.0,0.0,0.0,0.0,,0
sigma2.0_nPeak2_prom500_min20.0_max250.0_exp5.0,TdT,TdT+,Left,Left: DORpm,5,0.0,0.0,0.0,0.0,,0
sigma2.0_nPeak2_prom500_min20.0_max250.0_exp5.0,TdT,TdT+,Left,Left: DORsm,4,0.0,0.0,0.0,0.0,,0
sigma2.0_nPeak2_prom500_min20.0_max250.0_exp5.0,TdT,TdT+,Left,Left: ECT,2,0.0,0.0,0.0,0.0,,0
sigma2.0_nPeak2_prom500_min20.0_max250.0_exp5.0,TdT,TdT+,Left,Left: ECT1,2,0.0,0.0,0.0,0.0,,0
sigma2.0_nPeak2_prom500_min20.0_max250.0_exp5.0,TdT,TdT+,Left,Left: ECT2/3,2,0.0,0.0,0.0,0.0,,0
sigma2.0_nPeak2_prom500_min20.0_max250.0_exp5.0,TdT,TdT+,Left,Left: ECT5,2,0.0,0.0,0.0,0.0,,0
sigma2.0_nPeak2_prom500_min20.0_max250.0_exp5.0,TdT,TdT+,Left,Left: ECT6a,2,0.0,0.0,0.0,0.0,,0
sigma2.0_nPeak2_prom500_min20.0_max250.0_exp5.0,TdT,TdT+,Left,Left: ECT6b,2,0.0,0.0,0.0,0.0,,0
sigma2.0_nPeak2_prom500_min20.0_max250.0_exp5.0,TdT,TdT+,Left,Left: ENT,1,0.0,,0.0,0.0,,0
sigma2.0_nPeak2_prom500_min20.0_max250.0_exp5.0,TdT,TdT+,Left,Left: ENTl,1,0.0,,0.0,0.0,,0
sigma2.0_nPeak2_prom500_min20.0_max250.0_exp5.0,TdT,TdT+,Left,Left: ENTl1,1,0.0,,0.0,0.0,,0
sigma2.0_nPeak2_prom500_min20.0_max250.0_exp5.0,TdT,TdT+,Left,Left: ENTl2,1,0.0,,0.0,0.0,,0
sigma2.0_nPeak2_prom500_min20.0_max250.0_exp5.0,TdT,TdT+,Left,Left: ENTl3,1,0.0,,0.0,0.0,,0
sigma2.0_nPeak2_prom500_min20.0_max250.0_exp5.0,TdT,TdT+,Left,Left: ENTl5,1,0.0,,0.0,0.0,,0
sigma2.0_nPeak2_prom500_min20.0_max250.0_exp5.0,TdT,TdT+,Left,Left: ENTl6a,1,0.0,,0.0,0.0,,0
sigma2.0_nPeak2_prom500_min20.0_max250.0_exp5.0,TdT,TdT+,Left,Left: EP,5,0.0,0.0,0.0,0.0,,0
sigma2.0_nPeak2_prom500_min20.0_max250.0_exp5.0,TdT,TdT+,Left,Left: EPI,3,0.0,0.0,0.0,0.0,,0
sigma2.0_nPeak2_prom500_min20.0_max250.0_exp5.0,TdT,TdT+,Left,Left: EPd,5,0.0,0.0,0.0,0.0,,0
sigma2.0_nPeak2_prom500_min20.0_max250.0_exp5.0,TdT,TdT+,Left,Left: EPv,4,0.0,0.0,0.0,0.0,,0
sigma2.0_nPeak2_prom500_min20.0_max250.0_exp5.0,TdT,TdT+,Left,Left: Eth,3,0.0,0.0,0.0,0.0,,0
sigma2.0_nPeak2_prom500_min20.0_max250.0_exp5.0,TdT,TdT+,Left,Left: FC,2,0.0,0.0,0.0,0.0,,0
sigma2.0_nPeak2_prom500_min20.0_max250.0_exp5.0,TdT,TdT+,Left,Left: FS,2,0.0,0.0,0.0,0.0,,0
sigma2.0_nPeak2_prom500_min20.0_max250.0_exp5.0,TdT,TdT+,Left,Left: GENd,3,0.0,0.0,0.0,0.0,,0
sigma2.0_nPeak2_prom500_min20.0_max250.0_exp5.0,TdT,TdT+,Left,Left: GENv,3,0.0,0.0,0.0,0.0,,0
sigma2.0_nPeak2_prom500_min20.0_max250.0_exp5.0,TdT,TdT+,Left,Left: GPe,4,0.0,0.0,0.0,0.0,,0
sigma2.0_nPeak2_prom500_min20.0_max250.0_exp5.0,TdT,TdT+,Left,Left: GPi,3,0.0,0.0,0.0,0.0,,0
sigma2.0_nPeak2_prom500_min20.0_max250.0_exp5.0,TdT,TdT+,Left,Left: GU,2,0.0,0.0,0.0,0.0,,0
sigma2.0_nPeak2_prom500_min20.0_max250.0_exp5.0,TdT,TdT+,Left,Left: GU1,1,0.0,,0.0,0.0,,0
sigma2.0_nPeak2_prom500_min20.0_max250.0_exp5.0,TdT,TdT+,Left,Left: GU2/3,2,0.0,0.0,0.0,0.0,,0
sigma2.0_nPeak2_prom500_min20.0_max250.0_exp5.0,TdT,TdT+,Left,Left: GU4,2,0.0,0.0,0.0,0.0,,0
sigma2.0_nPeak2_prom500_min20.0_max250.0_exp5.0,TdT,TdT+,Left,Left: GU5,2,0.0,0.0,0.0,0.0,,0
sigma2.0_nPeak2_prom500_min20.0_max250.0_exp5.0,TdT,TdT+,Left,Left: GU6a,2,0.0,0.0,0.0,0.0,,0
sigma2.0_nPeak2_prom500_min20.0_max250.0_exp5.0,TdT,TdT+,Left,Left: GU6b,2,0.0,0.0,0.0,0.0,,0
sigma2.0_nPeak2_prom500_min20.0_max250.0_exp5.0,TdT,TdT+,Left,Left: HIP,5,0.0,0.0,0.0,0.0,,0
sigma2.0_nPeak2_prom500_min20.0_max250.0_exp5.0,TdT,TdT+,Left,Left: HPF,5,0.0,0.0,0.0,0.0,,0
sigma2.0_nPeak2_prom500_min20.0_max250.0_exp5.0,TdT,TdT+,Left,Left: HY,5,0.0,0.0,0.0,0.0,,0
sigma2.0_nPeak2_prom500_min20.0_max250.0_exp5.0,TdT,TdT+,Left,Left: IA,2,0.0,0.0,0.0,0.0,,0
sigma2.0_nPeak2_prom500_min20.0_max250.0_exp5.0,TdT,TdT+,Left,Left: IAD,2,0.0,0.0,0.0,0.0,,0
sigma2.0_nPeak2_prom500_min20.0_max250.0_exp5.0,TdT,TdT+,Left,Left: IB,5,0.0,0.0,0.0,0.0,,0
sigma2.0_nPeak2_prom500_min20.0_max250.0_exp5.0,TdT,TdT+,Left,Left: IGL,2,0.0,0.0,0.0,0.0,,0
sigma2.0_nPeak2_prom500_min20.0_max250.0_exp5.0,TdT,TdT+,Left,Left: IIIn,2,0.0,0.0,0.0,0.0,,0
sigma2.0_nPeak2_prom500_min20.0_max250.0_exp5.0,TdT,TdT+,Left,Left: IIn,5,0.0,0.0,0.0,0.0,,0
sigma2.0_nPeak2_prom500_min20.0_max250.0_exp5.0,TdT,TdT+,Left,Left: ILM,4,0.0,0.0,0.0,0.0,,0
sigma2.0_nPeak2_prom500_min20.0_max250.0_exp5.0,TdT,TdT+,Left,Left: IMD,3,0.0,0.0,0.0,0.0,,0
sigma2.0_nPeak2_prom500_min20.0_max250.0_exp5.0,TdT,TdT+,Left,Left: In,4,0.0,0.0,0.0,0.0,,0
sigma2.0_nPeak2_prom500_min20.0_max250.0_exp5.0,TdT,TdT+,Left,Left: Isocortex,5,0.0,0.0,0.0,0.0,,0
sigma2.0_nPeak2_prom500_min20.0_max250.0_exp5.0,TdT,TdT+,Left,Left: LA,3,0.0,0.0,0.0,0.0,,0
sigma2.0_nPeak2_prom500_min20.0_max250.0_exp5.0,TdT,TdT+,Left,Left: LAT,3,0.0,0.0,0.0,0.0,,0
sigma2.0_nPeak2_prom500_min20.0_max250.0_exp5.0,TdT,TdT+,Left,Left: LD,2,0.0,0.0,0.0,0.0,,0
sigma2.0_nPeak2_prom500_min20.0_max250.0_exp5.0,TdT,TdT+,Left,Left: LGd,3,0.0,0.0,0.0,0.0,,0
sigma2.0_nPeak2_prom500_min20.0_max250.0_exp5.0,TdT,TdT+,Left,Left: LGd-co,3,0.0,0.0,0.0,0.0,,0
sigma2.0_nPeak2_prom500_min20.0_max250.0_exp5.0,TdT,TdT+,Left,Left: LGd-ip,3,0.0,0.0,0.0,0.0,,0
sigma2.0_nPeak2_prom500_min20.0_max250.0_exp5.0,TdT,TdT+,Left,Left: LGd-sh,3,0.0,0.0,0.0,0.0,,0
sigma2.0_nPeak2_prom500_min20.0_max250.0_exp5.0,TdT,TdT+,Left,Left: LGv,3,0.0,0.0,0.0,0.0,,0
sigma2.0_nPeak2_prom500_min20.0_max250.0_exp5.0,TdT,TdT+,Left,Left: LH,3,0.0,0.0,0.0,0.0,,0
sigma2.0_nPeak2_prom500_min20.0_max250.0_exp5.0,TdT,TdT+,Left,Left: LHA,3,0.0,0.0,0.0,0.0,,0
sigma2.0_nPeak2_prom500_min20.0_max250.0_exp5.0,TdT,TdT+,Left,Left: LP,3,0.0,0.0,0.0,0.0,,0
sigma2.0_nPeak2_prom500_min20.0_max250.0_exp5.0,TdT,TdT+,Left,Left: LPO,2,0.0,0.0,0.0,0.0,,0
sigma2.0_nPeak2_prom500_min20.0_max250.0_exp5.0,TdT,TdT+,Left,Left: LZ,5,0.0,0.0,0.0,0.0,,0
sigma2.0_nPeak2_prom500_min20.0_max250.0_exp5.0,TdT,TdT+,Left,Left: MA,1,0.0,,0.0,0.0,,0
sigma2.0_nPeak2_prom500_min20.0_max250.0_exp5.0,TdT,TdT+,Left,Left: MB,3,0.0,0.0,0.0,0.0,,0
sigma2.0_nPeak2_prom500_min20.0_max250.0_exp5.0,TdT,TdT+,Left,Left: MBmot,3,0.0,0.0,0.0,0.0,,0
sigma2.0_nPeak2_prom500_min20.0_max250.0_exp5.0,TdT,TdT+,Left,Left: MBsen,2,0.0,0.0,0.0,0.0,,0
sigma2.0_nPeak2_prom500_min20.0_max250.0_exp5.0,TdT,TdT+,Left,Left: MD,5,0.0,0.0,0.0,0.0,,0
sigma2.0_nPeak2_prom500_min20.0_max250.0_exp5.0,TdT,TdT+,Left,Left: MEA,3,0.0,0.0,0.0,0.0,,0
sigma2.0_nPeak2_prom500_min20.0_max250.0_exp5.0,TdT,TdT+,Left,Left: MED,5,0.0,0.0,0.0,0.0,,0
sigma2.0_nPeak2_prom500_min20.0_max250.0_exp5.0,TdT,TdT+,Left,Left: MEPO,1,0.0,,0.0,0.0,,0
sigma2.0_nPeak2_prom500_min20.0_max250.0_exp5.0,TdT,TdT+,Left,Left: MEZ,4,0.0,0.0,0.0,0.0,,0
sigma2.0_nPeak2_prom500_min20.0_max250.0_exp5.0,TdT,TdT+,Left,Left: MH,3,0.0,0.0,0.0,0.0,,0
sigma2.0_nPeak2_prom500_min20.0_max250.0_exp5.0,TdT,TdT+,Left,Left: MPN,1,0.0,,0.0,0.0,,0
sigma2.0_nPeak2_prom500_min20.0_max250.0_exp5.0,TdT,TdT+,Left,Left: MPO,2,0.0,0.0,0.0,0.0,,0
sigma2.0_nPeak2_prom500_min20.0_max250.0_exp5.0,TdT,TdT+,Left,Left: MPT,2,0.0,0.0,0.0,0.0,,0
sigma2.0_nPeak2_prom500_min20.0_max250.0_exp5.0,TdT,TdT+,Left,Left: MSC,3,0.0,0.0,0.0,0.0,,0
sigma2.0_nPeak2_prom500_min20.0_max250.0_exp5.0,TdT,TdT+,Left,Left: MTN,5,0.0,0.0,0.0,0.0,,0
sigma2.0_nPeak2_prom500_min20.0_max250.0_exp5.0,TdT,TdT+,Left,Left: NDB,3,0.0,0.0,0.0,0.0,,0
sigma2.0_nPeak2_prom500_min20.0_max250.0_exp5.0,TdT,TdT+,Left,Left: NLOT,3,0.0,0.0,0.0,0.0,,0
sigma2.0_nPeak2_prom500_min20.0_max250.0_exp5.0,TdT,TdT+,Left,Left: NLOT1,2,0.0,0.0,0.0,0.0,,0
sigma2.0_nPeak2_prom500_min20.0_max250.0_exp5.0,TdT,TdT+,Left,Left: NLOT2,2,0.0,0.0,0.0,0.0,,0
sigma2.0_nPeak2_prom500_min20.0_max250.0_exp5.0,TdT,TdT+,Left,Left: NLOT3,3,0.0,0.0,0.0,0.0,,0
sigma2.0_nPeak2_prom500_min20.0_max250.0_exp5.0,TdT,TdT+,Left,Left: NOT,2,0.0,0.0,0.0,0.0,,0
sigma2.0_nPeak2_prom500_min20.0_max250.0_exp5.0,TdT,TdT+,Left,Left: NPC,2,0.0,0.0,0.0,0.0,,0
sigma2.0_nPeak2_prom500_min20.0_max250.0_exp5.0,TdT,TdT+,Left,Left: OLF,5,0.0,0.0,0.0,0.0,,0
sigma2.0_nPeak2_prom500_min20.0_max250.0_exp5.0,TdT,TdT+,Left,Left: OP,2,0.0,0.0,0.0,0.0,,0
sigma2.0_nPeak2_prom500_min20.0_max250.0_exp5.0,TdT,TdT+,Left,Left: OT,2,0.0,0.0,0.0,0.0,,0
sigma2.0_nPeak2_prom500_min20.0_max250.0_exp5.0,TdT,TdT+,Left,Left: OV,2,0.0,0.0,0.0,0.0,,0
sigma2.0_nPeak2_prom500_min20.0_max250.0_exp5.0,TdT,TdT+,Left,Left: PAA,3,0.0,0.0,0.0,0.0,,0
sigma2.0_nPeak2_prom500_min20.0_max250.0_exp5.0,TdT,TdT+,Left,Left: PAG,3,0.0,0.0,0.0,0.0,,0
sigma2.0_nPeak2_prom500_min20.0_max250.0_exp5.0,TdT,TdT+,Left,Left: PAL,5,0.0,0.0,0.0,0.0,,0
sigma2.0_nPeak2_prom500_min20.0_max250.0_exp5.0,TdT,TdT+,Left,Left: PALc,2,0.0,0.0,0.0,0.0,,0
sigma2.0_nPeak2_prom500_min20.0_max250.0_exp5.0,TdT,TdT+,Left,Left: PALd,5,0.0,0.0,0.0,0.0,,0
sigma2.0_nPeak2_prom500_min20.0_max250.0_exp5.0,TdT,TdT+,Left,Left: PALm,3,0.0,0.0,0.0,0.0,,0
sigma2.0_nPeak2_prom500_min20.0_max250.0_exp5.0,TdT,TdT+,Left,Left: PALv,4,0.0,0.0,0.0,0.0,,0
sigma2.0_nPeak2_prom500_min20.0_max250.0_exp5.0,TdT,TdT+,Left,Left: PCN,3,0.0,0.0,0.0,0.0,,0
sigma2.0_nPeak2_prom500_min20.0_max250.0_exp5.0,TdT,TdT+,Left,Left: PERI,1,0.0,,0.0,0.0,,0
sigma2.0_nPeak2_prom500_min20.0_max250.0_exp5.0,TdT,TdT+,Left,Left: PERI1,1,0.0,,0.0,0.0,,0
sigma2.0_nPeak2_prom500_min20.0_max250.0_exp5.0,TdT,TdT+,Left,Left: PERI2/3,1,0.0,,0.0,0.0,,0
sigma2.0_nPeak2_prom500_min20.0_max250.0_exp5.0,TdT,TdT+,Left,Left: PERI5,1,0.0,,0.0,0.0,,0
sigma2.0_nPeak2_prom500_min20.0_max250.0_exp5.0,TdT,TdT+,Left,Left: PF,2,0.0,0.0,0.0,0.0,,0
sigma2.0_nPeak2_prom500_min20.0_max250.0_exp5.0,TdT,TdT+,Left,Left: PIR,5,0.0,0.0,0.0,0.0,,0
sigma2.0_nPeak2_prom500_min20.0_max250.0_exp5.0,TdT,TdT+,Left,Left: PO,3,0.0,0.0,0.0,0.0,,0
sigma2.0_nPeak2_prom500_min20.0_max250.0_exp5.0,TdT,TdT+,Left,Left: POL,2,0.0,0.0,0.0,0.0,,0
sigma2.0_nPeak2_prom500_min20.0_max250.0_exp5.0,TdT,TdT+,Left,Left: POST,1,0.0,,0.0,0.0,,0
sigma2.0_nPeak2_prom500_min20.0_max250.0_exp5.0,TdT,TdT+,Left,Left: PPT,2,0.0,0.0,0.0,0.0,,0
sigma2.0_nPeak2_prom500_min20.0_max250.0_exp5.0,TdT,TdT+,Left,Left: PR,3,0.0,0.0,0.0,0.0,,0
sigma2.0_nPeak2_prom500_min20.0_max250.0_exp5.0,TdT,TdT+,Left,Left: PRC,3,0.0,0.0,0.0,0.0,,0
sigma2.0_nPeak2_prom500_min20.0_max250.0_exp5.0,TdT,TdT+,Left,Left: PRT,3,0.0,0.0,0.0,0.0,,0
sigma2.0_nPeak2_prom500_min20.0_max250.0_exp5.0,TdT,TdT+,Left,Left: PS,2,0.0,0.0,0.0,0.0,,0
sigma2.0_nPeak2_prom500_min20.0_max250.0_exp5.0,TdT,TdT+,Left,Left: PT,2,0.0,0.0,0.0,0.0,,0
sigma2.0_nPeak2_prom500_min20.0_max250.0_exp5.0,TdT,TdT+,Left,Left: PTLp,4,0.0,0.0,0.0,0.0,,0
sigma2.0_nPeak2_prom500_min20.0_max250.0_exp5.0,TdT,TdT+,Left,Left: PVH,2,0.0,0.0,0.0,0.0,,0
sigma2.0_nPeak2_prom500_min20.0_max250.0_exp5.0,TdT,TdT+,Left,Left: PVHd,2,0.0,0.0,0.0,0.0,,0
sigma2.0_nPeak2_prom500_min20.0_max250.0_exp5.0,TdT,TdT+,Left,Left: PVR,5,0.0,0.0,0.0,0.0,,0
sigma2.0_nPeak2_prom500_min20.0_max250.0_exp5.0,TdT,TdT+,Left,Left: PVT,4,0.0,0.0,0.0,0.0,,0
sigma2.0_nPeak2_prom500_min20.0_max250.0_exp5.0,TdT,TdT+,Left,Left: PVZ,3,0.0,0.0,0.0,0.0,,0
sigma2.0_nPeak2_prom500_min20.0_max250.0_exp5.0,TdT,TdT+,Left,Left: PVa,2,0.0,0.0,0.0,0.0,,0
sigma2.0_nPeak2_prom500_min20.0_max250.0_exp5.0,TdT,TdT+,Left,Left: PVi,2,0.0,0.0,0.0,0.0,,0
sigma2.0_nPeak2_prom500_min20.0_max250.0_exp5.0,TdT,TdT+,Left,Left: PVpo,2,0.0,0.0,0.0,0.0,,0
sigma2.0_nPeak2_prom500_min20.0_max250.0_exp5.0,TdT,TdT+,Left,Left: PeF,3,0.0,0.0,0.0,0.0,,0
sigma2.0_nPeak2_prom500_min20.0_max250.0_exp5.0,TdT,TdT+,Left,Left: PoT,1,0.0,,0.0,0.0,,0
sigma2.0_nPeak2_prom500_min20.0_max250.0_exp5.0,TdT,TdT+,Left,Left: ProS,3,0.0,0.0,0.0,0.0,,0
sigma2.0_nPeak2_prom500_min20.0_max250.0_exp5.0,TdT,TdT+,Left,Left: RCH,2,0.0,0.0,0.0,0.0,,0
sigma2.0_nPeak2_prom500_min20.0_max250.0_exp5.0,TdT,TdT+,Left,Left: RE,3,0.0,0.0,0.0,0.0,,0
sigma2.0_nPeak2_prom500_min20.0_max250.0_exp5.0,TdT,TdT+,Left,Left: RH,2,0.0,0.0,0.0,0.0,,0
sigma2.0_nPeak2_prom500_min20.0_max250.0_exp5.0,TdT,TdT+,Left,Left: RHP,3,0.0,0.0,0.0,0.0,,0
sigma2.0_nPeak2_prom500_min20.0_max250.0_exp5.0,TdT,TdT+,Left,Left: RPF,1,0.0,,0.0,0.0,,0
sigma2.0_nPeak2_prom500_min20.0_max250.0_exp5.0,TdT,TdT+,Left,Left: RSP,5,0.0,0.0,0.0,0.0,,0
sigma2.0_nPeak2_prom500_min20.0_max250.0_exp5.0,TdT,TdT+,Left,Left: RSPagl,5,0.0,0.0,0.0,0.0,,0
sigma2.0_nPeak2_prom500_min20.0_max250.0_exp5.0,TdT,TdT+,Left,Left: RSPagl1,5,0.0,0.0,0.0,0.0,,0
sigma2.0_nPeak2_prom500_min20.0_max250.0_exp5.0,TdT,TdT+,Left,Left: RSPagl2/3,5,0.0,0.0,0.0,0.0,,0
sigma2.0_nPeak2_prom500_min20.0_max250.0_exp5.0,TdT,TdT+,Left,Left: RSPagl5,5,0.0,0.0,0.0,0.0,,0
sigma2.0_nPeak2_prom500_min20.0_max250.0_exp5.0,TdT,TdT+,Left,Left: RSPagl6a,5,0.0,0.0,0.0,0.0,,0
sigma2.0_nPeak2_prom500_min20.0_max250.0_exp5.0,TdT,TdT+,Left,Left: RSPagl6b,5,0.0,0.0,0.0,0.0,,0
sigma2.0_nPeak2_prom500_min20.0_max250.0_exp5.0,TdT,TdT+,Left,Left: RSPd,5,0.0,0.0,0.0,0.0,,0
sigma2.0_nPeak2_prom500_min20.0_max250.0_exp5.0,TdT,TdT+,Left,Left: RSPd1,5,0.0,0.0,0.0,0.0,,0
sigma2.0_nPeak2_prom500_min20.0_max250.0_exp5.0,TdT,TdT+,Left,Left: RSPd2/3,5,0.0,0.0,0.0,0.0,,0
sigma2.0_nPeak2_prom500_min20.0_max250.0_exp5.0,TdT,TdT+,Left,Left: RSPd5,5,0.0,0.0,0.0,0.0,,0
sigma2.0_nPeak2_prom500_min20.0_max250.0_exp5.0,TdT,TdT+,Left,Left: RSPd6a,5,0.0,0.0,0.0,0.0,,0
sigma2.0_nPeak2_prom500_min20.0_max250.0_exp5.0,TdT,TdT+,Left,Left: RSPd6b,5,0.0,0.0,0.0,0.0,,0
sigma2.0_nPeak2_prom500_min20.0_max250.0_exp5.0,TdT,TdT+,Left,Left: RSPv,5,0.0,0.0,0.0,0.0,,0
sigma2.0_nPeak2_prom500_min20.0_max250.0_exp5.0,TdT,TdT+,Left,Left: RSPv1,5,0.0,0.0,0.0,0.0,,0
sigma2.0_nPeak2_prom500_min20.0_max250.0_exp5.0,TdT,TdT+,Left,Left: RSPv2/3,5,0.0,0.0,0.0,0.0,,0
sigma2.0_nPeak2_prom500_min20.0_max250.0_exp5.0,TdT,TdT+,Left,Left: RSPv5,5,0.0,0.0,0.0,0.0,,0
sigma2.0_nPeak2_prom500_min20.0_max250.0_exp5.0,TdT,TdT+,Left,Left: RSPv6a,5,0.0,0.0,0.0,0.0,,0
sigma2.0_nPeak2_prom500_min20.0_max250.0_exp5.0,TdT,TdT+,Left,Left: RSPv6b,5,0.0,0.0,0.0,0.0,,0
sigma2.0_nPeak2_prom500_min20.0_max250.0_exp5.0,TdT,TdT+,Left,Left: RT,5,0.0,0.0,0.0,0.0,,0
sigma2.0_nPeak2_prom500_min20.0_max250.0_exp5.0,TdT,TdT+,Left,Left: SBPV,2,0.0,0.0,0.0,0.0,,0
sigma2.0_nPeak2_prom500_min20.0_max250.0_exp5.0,TdT,TdT+,Left,Left: SCH,3,0.0,0.0,0.0,0.0,,0
sigma2.0_nPeak2_prom500_min20.0_max250.0_exp5.0,TdT,TdT+,Left,Left: SCO,2,0.0,0.0,0.0,0.0,,0
sigma2.0_nPeak2_prom500_min20.0_max250.0_exp5.0,TdT,TdT+,Left,Left: SCig,1,0.0,,0.0,0.0,,0
sigma2.0_nPeak2_prom500_min20.0_max250.0_exp5.0,TdT,TdT+,Left,Left: SCm,1,0.0,,0.0,0.0,,0
sigma2.0_nPeak2_prom500_min20.0_max250.0_exp5.0,TdT,TdT+,Left,Left: SCop,1,0.0,,0.0,0.0,,0
sigma2.0_nPeak2_prom500_min20.0_max250.0_exp5.0,TdT,TdT+,Left,Left: SCs,1,0.0,,0.0,0.0,,0
sigma2.0_nPeak2_prom500_min20.0_max250.0_exp5.0,TdT,TdT+,Left,Left: SCsg,1,0.0,,0.0,0.0,,0
sigma2.0_nPeak2_prom500_min20.0_max250.0_exp5.0,TdT,TdT+,Left,Left: SCzo,1,0.0,,0.0,0.0,,0
sigma2.0_nPeak2_prom500_min20.0_max250.0_exp5.0,TdT,TdT+,Left,Left: SI,4,0.0,0.0,0.0,0.0,,0
sigma2.0_nPeak2_prom500_min20.0_max250.0_exp5.0,TdT,TdT+,Left,Left: SMT,3,0.0,0.0,0.0,0.0,,0
sigma2.0_nPeak2_prom500_min20.0_max250.0_exp5.0,TdT,TdT+,Left,Left: SO,2,0.0,0.0,0.0,0.0,,0
sigma2.0_nPeak2_prom500_min20.0_max250.0_exp5.0,TdT,TdT+,Left,Left: SPA,2,0.0,0.0,0.0,0.0,,0
sigma2.0_nPeak2_prom500_min20.0_max250.0_exp5.0,TdT,TdT+,Left,Left: SS,3,0.0,0.0,0.0,0.0,,0
sigma2.0_nPeak2_prom500_min20.0_max250.0_exp5.0,TdT,TdT+,Left,Left: SSp,3,0.0,0.0,0.0,0.0,,0
sigma2.0_nPeak2_prom500_min20.0_max250.0_exp5.0,TdT,TdT+,Left,Left: SSp-bfd,3,0.0,0.0,0.0,0.0,,0
sigma2.0_nPeak2_prom500_min20.0_max250.0_exp5.0,TdT,TdT+,Left,Left: SSp-bfd1,2,0.0,0.0,0.0,0.0,,0
sigma2.0_nPeak2_prom500_min20.0_max250.0_exp5.0,TdT,TdT+,Left,Left: SSp-bfd2/3,2,0.0,0.0,0.0,0.0,,0
sigma2.0_nPeak2_prom500_min20.0_max250.0_exp5.0,TdT,TdT+,Left,Left: SSp-bfd4,2,0.0,0.0,0.0,0.0,,0
sigma2.0_nPeak2_prom500_min20.0_max250.0_exp5.0,TdT,TdT+,Left,Left: SSp-bfd5,2,0.0,0.0,0.0,0.0,,0
sigma2.0_nPeak2_prom500_min20.0_max250.0_exp5.0,TdT,TdT+,Left,Left: SSp-bfd6a,3,0.0,0.0,0.0,0.0,,0
sigma2.0_nPeak2_prom500_min20.0_max250.0_exp5.0,TdT,TdT+,Left,Left: SSp-bfd6b,3,0.0,0.0,0.0,0.0,,0
sigma2.0_nPeak2_prom500_min20.0_max250.0_exp5.0,TdT,TdT+,Left,Left: SSp-n,1,0.0,,0.0,0.0,,0
sigma2.0_nPeak2_prom500_min20.0_max250.0_exp5.0,TdT,TdT+,Left,Left: SSp-n6a,1,0.0,,0.0,0.0,,0
sigma2.0_nPeak2_prom500_min20.0_max250.0_exp5.0,TdT,TdT+,Left,Left: SSp-n6b,1,0.0,,0.0,0.0,,0
sigma2.0_nPeak2_prom500_min20.0_max250.0_exp5.0,TdT,TdT+,Left,Left: SSp-tr,2,0.0,0.0,0.0,0.0,,0
sigma2.0_nPeak2_prom500_min20.0_max250.0_exp5.0,TdT,TdT+,Left,Left: SSp-tr5,1,0.0,,0.0,0.0,,0
sigma2.0_nPeak2_prom500_min20.0_max250.0_exp5.0,TdT,TdT+,Left,Left: SSp-tr6a,1,0.0,,0.0,0.0,,0
sigma2.0_nPeak2_prom500_min20.0_max250.0_exp5.0,TdT,TdT+,Left,Left: SSp-tr6b,2,0.0,0.0,0.0,0.0,,0
sigma2.0_nPeak2_prom500_min20.0_max250.0_exp5.0,TdT,TdT+,Left,Left: SSs,3,0.0,0.0,0.0,0.0,,0
sigma2.0_nPeak2_prom500_min20.0_max250.0_exp5.0,TdT,TdT+,Left,Left: SSs1,2,0.0,0.0,0.0,0.0,,0
sigma2.0_nPeak2_prom500_min20.0_max250.0_exp5.0,TdT,TdT+,Left,Left: SSs2/3,2,0.0,0.0,0.0,0.0,,0
sigma2.0_nPeak2_prom500_min20.0_max250.0_exp5.0,TdT,TdT+,Left,Left: SSs4,2,0.0,0.0,0.0,0.0,,0
sigma2.0_nPeak2_prom500_min20.0_max250.0_exp5.0,TdT,TdT+,Left,Left: SSs5,3,0.0,0.0,0.0,0.0,,0
sigma2.0_nPeak2_prom500_min20.0_max250.0_exp5.0,TdT,TdT+,Left,Left: SSs6a,3,0.0,0.0,0.0,0.0,,0
sigma2.0_nPeak2_prom500_min20.0_max250.0_exp5.0,TdT,TdT+,Left,Left: SSs6b,3,0.0,0.0,0.0,0.0,,0
sigma2.0_nPeak2_prom500_min20.0_max250.0_exp5.0,TdT,TdT+,Left,Left: STN,1,0.0,,0.0,0.0,,0
sigma2.0_nPeak2_prom500_min20.0_max250.0_exp5.0,TdT,TdT+,Left,Left: STR,5,0.0,0.0,0.0,0.0,,0
sigma2.0_nPeak2_prom500_min20.0_max250.0_exp5.0,TdT,TdT+,Left,Left: STRd,5,0.0,0.0,0.0,0.0,,0
sigma2.0_nPeak2_prom500_min20.0_max250.0_exp5.0,TdT,TdT+,Left,Left: STRv,2,0.0,0.0,0.0,0.0,,0
sigma2.0_nPeak2_prom500_min20.0_max250.0_exp5.0,TdT,TdT+,Left,Left: SUB,3,0.0,0.0,0.0,0.0,,0
sigma2.0_nPeak2_prom500_min20.0_max250.0_exp5.0,TdT,TdT+,Left,Left: TEa,3,0.0,0.0,0.0,0.0,,0
sigma2.0_nPeak2_prom500_min20.0_max250.0_exp5.0,TdT,TdT+,Left,Left: TEa1,3,0.0,0.0,0.0,0.0,,0
sigma2.0_nPeak2_prom500_min20.0_max250.0_exp5.0,TdT,TdT+,Left,Left: TEa2/3,3,0.0,0.0,0.0,0.0,,0
sigma2.0_nPeak2_prom500_min20.0_max250.0_exp5.0,TdT,TdT+,Left,Left: TEa4,3,0.0,0.0,0.0,0.0,,0
sigma2.0_nPeak2_prom500_min20.0_max250.0_exp5.0,TdT,TdT+,Left,Left: TEa5,3,0.0,0.0,0.0,0.0,,0
sigma2.0_nPeak2_prom500_min20.0_max250.0_exp5.0,TdT,TdT+,Left,Left: TEa6a,3,0.0,0.0,0.0,0.0,,0
sigma2.0_nPeak2_prom500_min20.0_max250.0_exp5.0,TdT,TdT+,Left,Left: TEa6b,2,0.0,0.0,0.0,0.0,,0
sigma2.0_nPeak2_prom500_min20.0_max250.0_exp5.0,TdT,TdT+,Left,Left: TH,5,0.0,0.0,0.0,0.0,,0
sigma2.0_nPeak2_prom500_min20.0_max250.0_exp5.0,TdT,TdT+,Left,Left: V3,5,0.0,0.0,0.0,0.0,,0
sigma2.0_nPeak2_prom500_min20.0_max250.0_exp5.0,TdT,TdT+,Left,Left: VAL,3,0.0,0.0,0.0,0.0,,0
sigma2.0_nPeak2_prom500_min20.0_max250.0_exp5.0,TdT,TdT+,Left,Left: VENT,4,0.0,0.0,0.0,0.0,,0
sigma2.0_nPeak2_prom500_min20.0_max250.0_exp5.0,TdT,TdT+,Left,Left: VIS,5,0.0,0.0,0.0,0.0,,0
sigma2.0_nPeak2_prom500_min20.0_max250.0_exp5.0,TdT,TdT+,Left,Left: VISC,4,0.0,0.0,0.0,0.0,,0
sigma2.0_nPeak2_prom500_min20.0_max250.0_exp5.0,TdT,TdT+,Left,Left: VISC1,3,0.0,0.0,0.0,0.0,,0
sigma2.0_nPeak2_prom500_min20.0_max250.0_exp5.0,TdT,TdT+,Left,Left: VISC2/3,4,0.0,0.0,0.0,0.0,,0
sigma2.0_nPeak2_prom500_min20.0_max250.0_exp5.0,TdT,TdT+,Left,Left: VISC4,4,0.0,0.0,0.0,0.0,,0
sigma2.0_nPeak2_prom500_min20.0_max250.0_exp5.0,TdT,TdT+,Left,Left: VISC5,4,0.0,0.0,0.0,0.0,,0
sigma2.0_nPeak2_prom500_min20.0_max250.0_exp5.0,TdT,TdT+,Left,Left: VISC6a,4,0.0,0.0,0.0,0.0,,0
sigma2.0_nPeak2_prom500_min20.0_max250.0_exp5.0,TdT,TdT+,Left,Left: VISC6b,4,0.0,0.0,0.0,0.0,,0
sigma2.0_nPeak2_prom500_min20.0_max250.0_exp5.0,TdT,TdT+,Left,Left: VISa,2,0.0,0.0,0.0,0.0,,0
sigma2.0_nPeak2_prom500_min20.0_max250.0_exp5.0,TdT,TdT+,Left,Left: VISa1,2,0.0,0.0,0.0,0.0,,0
sigma2.0_nPeak2_prom500_min20.0_max250.0_exp5.0,TdT,TdT+,Left,Left: VISa2/3,2,0.0,0.0,0.0,0.0,,0
sigma2.0_nPeak2_prom500_min20.0_max250.0_exp5.0,TdT,TdT+,Left,Left: VISa4,2,0.0,0.0,0.0,0.0,,0
sigma2.0_nPeak2_prom500_min20.0_max250.0_exp5.0,TdT,TdT+,Left,Left: VISa5,2,0.0,0.0,0.0,0.0,,0
sigma2.0_nPeak2_prom500_min20.0_max250.0_exp5.0,TdT,TdT+,Left,Left: VISa6a,2,0.0,0.0,0.0,0.0,,0
sigma2.0_nPeak2_prom500_min20.0_max250.0_exp5.0,TdT,TdT+,Left,Left: VISa6b,2,0.0,0.0,0.0,0.0,,0
sigma2.0_nPeak2_prom500_min20.0_max250.0_exp5.0,TdT,TdT+,Left,Left: VISal,3,0.0,0.0,0.0,0.0,,0
sigma2.0_nPeak2_prom500_min20.0_max250.0_exp5.0,TdT,TdT+,Left,Left: VISal1,3,0.0,0.0,0.0,0.0,,0
sigma2.0_nPeak2_prom500_min20.0_max250.0_exp5.0,TdT,TdT+,Left,Left: VISal2/3,3,0.0,0.0,0.0,0.0,,0
sigma2.0_nPeak2_prom500_min20.0_max250.0_exp5.0,TdT,TdT+,Left,Left: VISal4,3,0.0,0.0,0.0,0.0,,0
sigma2.0_nPeak2_prom500_min20.0_max250.0_exp5.0,TdT,TdT+,Left,Left: VISal5,3,0.0,0.0,0.0,0.0,,0
sigma2.0_nPeak2_prom500_min20.0_max250.0_exp5.0,TdT,TdT+,Left,Left: VISal6a,3,0.0,0.0,0.0,0.0,,0
sigma2.0_nPeak2_prom500_min20.0_max250.0_exp5.0,TdT,TdT+,Left,Left: VISal6b,3,0.0,0.0,0.0,0.0,,0
sigma2.0_nPeak2_prom500_min20.0_max250.0_exp5.0,TdT,TdT+,Left,Left: VISam,2,0.0,0.0,0.0,0.0,,0
sigma2.0_nPeak2_prom500_min20.0_max250.0_exp5.0,TdT,TdT+,Left,Left: VISam1,2,0.0,0.0,0.0,0.0,,0
sigma2.0_nPeak2_prom500_min20.0_max250.0_exp5.0,TdT,TdT+,Left,Left: VISam2/3,2,0.0,0.0,0.0,0.0,,0
sigma2.0_nPeak2_prom500_min20.0_max250.0_exp5.0,TdT,TdT+,Left,Left: VISam4,2,0.0,0.0,0.0,0.0,,0
sigma2.0_nPeak2_prom500_min20.0_max250.0_exp5.0,TdT,TdT+,Left,Left: VISam5,2,0.0,0.0,0.0,0.0,,0
sigma2.0_nPeak2_prom500_min20.0_max250.0_exp5.0,TdT,TdT+,Left,Left: VISam6a,2,0.0,0.0,0.0,0.0,,0
sigma2.0_nPeak2_prom500_min20.0_max250.0_exp5.0,TdT,TdT+,Left,Left: VISam6b,1,0.0,,0.0,0.0,,0
sigma2.0_nPeak2_prom500_min20.0_max250.0_exp5.0,TdT,TdT+,Left,Left: VISl,2,0.0,0.0,0.0,0.0,,0
sigma2.0_nPeak2_prom500_min20.0_max250.0_exp5.0,TdT,TdT+,Left,Left: VISl1,2,0.0,0.0,0.0,0.0,,0
sigma2.0_nPeak2_prom500_min20.0_max250.0_exp5.0,TdT,TdT+,Left,Left: VISl2/3,2,0.0,0.0,0.0,0.0,,0
sigma2.0_nPeak2_prom500_min20.0_max250.0_exp5.0,TdT,TdT+,Left,Left: VISl4,2,0.0,0.0,0.0,0.0,,0
sigma2.0_nPeak2_prom500_min20.0_max250.0_exp5.0,TdT,TdT+,Left,Left: VISl5,1,0.0,,0.0,0.0,,0
sigma2.0_nPeak2_prom500_min20.0_max250.0_exp5.0,TdT,TdT+,Left,Left: VISl6a,1,0.0,,0.0,0.0,,0
sigma2.0_nPeak2_prom500_min20.0_max250.0_exp5.0,TdT,TdT+,Left,Left: VISl6b,1,0.0,,0.0,0.0,,0
sigma2.0_nPeak2_prom500_min20.0_max250.0_exp5.0,TdT,TdT+,Left,Left: VISli,1,0.0,,0.0,0.0,,0
sigma2.0_nPeak2_prom500_min20.0_max250.0_exp5.0,TdT,TdT+,Left,Left: VISli1,1,0.0,,0.0,0.0,,0
sigma2.0_nPeak2_prom500_min20.0_max250.0_exp5.0,TdT,TdT+,Left,Left: VISp,3,0.0,0.0,0.0,0.0,,0
sigma2.0_nPeak2_prom500_min20.0_max250.0_exp5.0,TdT,TdT+,Left,Left: VISp1,3,0.0,0.0,0.0,0.0,,0
sigma2.0_nPeak2_prom500_min20.0_max250.0_exp5.0,TdT,TdT+,Left,Left: VISp2/3,3,0.0,0.0,0.0,0.0,,0
sigma2.0_nPeak2_prom500_min20.0_max250.0_exp5.0,TdT,TdT+,Left,Left: VISp4,3,0.0,0.0,0.0,0.0,,0
sigma2.0_nPeak2_prom500_min20.0_max250.0_exp5.0,TdT,TdT+,Left,Left: VISp5,3,0.0,0.0,0.0,0.0,,0
sigma2.0_nPeak2_prom500_min20.0_max250.0_exp5.0,TdT,TdT+,Left,Left: VISp6a,3,0.0,0.0,0.0,0.0,,0
sigma2.0_nPeak2_prom500_min20.0_max250.0_exp5.0,TdT,TdT+,Left,Left: VISp6b,3,0.0,0.0,0.0,0.0,,0
sigma2.0_nPeak2_prom500_min20.0_max250.0_exp5.0,TdT,TdT+,Left,Left: VISpm,3,0.0,0.0,0.0,0.0,,0
sigma2.0_nPeak2_prom500_min20.0_max250.0_exp5.0,TdT,TdT+,Left,Left: VISpm1,3,0.0,0.0,0.0,0.0,,0
sigma2.0_nPeak2_prom500_min20.0_max250.0_exp5.0,TdT,TdT+,Left,Left: VISpm2/3,3,0.0,0.0,0.0,0.0,,0
sigma2.0_nPeak2_prom500_min20.0_max250.0_exp5.0,TdT,TdT+,Left,Left: VISpm4,3,0.0,0.0,0.0,0.0,,0
sigma2.0_nPeak2_prom500_min20.0_max250.0_exp5.0,TdT,TdT+,Left,Left: VISpm5,3,0.0,0.0,0.0,0.0,,0
sigma2.0_nPeak2_prom500_min20.0_max250.0_exp5.0,TdT,TdT+,Left,Left: VISpm6a,3,0.0,0.0,0.0,0.0,,0
sigma2.0_nPeak2_prom500_min20.0_max250.0_exp5.0,TdT,TdT+,Left,Left: VISpm6b,3,0.0,0.0,0.0,0.0,,0
sigma2.0_nPeak2_prom500_min20.0_max250.0_exp5.0,TdT,TdT+,Left,Left: VISrl,4,0.0,0.0,0.0,0.0,,0
sigma2.0_nPeak2_prom500_min20.0_max250.0_exp5.0,TdT,TdT+,Left,Left: VISrl1,3,0.0,0.0,0.0,0.0,,0
sigma2.0_nPeak2_prom500_min20.0_max250.0_exp5.0,TdT,TdT+,Left,Left: VISrl2/3,3,0.0,0.0,0.0,0.0,,0
sigma2.0_nPeak2_prom500_min20.0_max250.0_exp5.0,TdT,TdT+,Left,Left: VISrl4,3,0.0,0.0,0.0,0.0,,0
sigma2.0_nPeak2_prom500_min20.0_max250.0_exp5.0,TdT,TdT+,Left,Left: VISrl5,3,0.0,0.0,0.0,0.0,,0
sigma2.0_nPeak2_prom500_min20.0_max250.0_exp5.0,TdT,TdT+,Left,Left: VISrl6a,2,0.0,0.0,0.0,0.0,,0
sigma2.0_nPeak2_prom500_min20.0_max250.0_exp5.0,TdT,TdT+,Left,Left: VISrl6b,2,0.0,0.0,0.0,0.0,,0
sigma2.0_nPeak2_prom500_min20.0_max250.0_exp5.0,TdT,TdT+,Left,Left: VL,5,0.0,0.0,0.0,0.0,,0
sigma2.0_nPeak2_prom500_min20.0_max250.0_exp5.0,TdT,TdT+,Left,Left: VM,3,0.0,0.0,0.0,0.0,,0
sigma2.0_nPeak2_prom500_min20.0_max250.0_exp5.0,TdT,TdT+,Left,Left: VMH,1,0.0,,0.0,0.0,,0
sigma2.0_nPeak2_prom500_min20.0_max250.0_exp5.0,TdT,TdT+,Left,Left: VP,4,0.0,0.0,0.0,0.0,,0
sigma2.0_nPeak2_prom500_min20.0_max250.0_exp5.0,TdT,TdT+,Left,Left: VPL,4,0.0,0.0,0.0,0.0,,0
sigma2.0_nPeak2_prom500_min20.0_max250.0_exp5.0,TdT,TdT+,Left,Left: VPLpc,1,0.0,,0.0,0.0,,0
sigma2.0_nPeak2_prom500_min20.0_max250.0_exp5.0,TdT,TdT+,Left,Left: VPM,3,0.0,0.0,0.0,0.0,,0
sigma2.0_nPeak2_prom500_min20.0_max250.0_exp5.0,TdT,TdT+,Left,Left: VPMpc,1,0.0,,0.0,0.0,,0
sigma2.0_nPeak2_prom500_min20.0_max250.0_exp5.0,TdT,TdT+,Left,Left: VS,5,0.0,0.0,0.0,0.0,,0
sigma2.0_nPeak2_prom500_min20.0_max250.0_exp5.0,TdT,TdT+,Left,Left: Xi,3,0.0,0.0,0.0,0.0,,0
sigma2.0_nPeak2_prom500_min20.0_max250.0_exp5.0,TdT,TdT+,Left,Left: ZI,3,0.0,0.0,0.0,0.0,,0
sigma2.0_nPeak2_prom500_min20.0_max250.0_exp5.0,TdT,TdT+,Left,Left: aco,1,0.0,,0.0,0.0,,0
sigma2.0_nPeak2_prom500_min20.0_max250.0_exp5.0,TdT,TdT+,Left,Left: act,2,0.0,0.0,0.0,0.0,,0
sigma2.0_nPeak2_prom500_min20.0_max250.0_exp5.0,TdT,TdT+,Left,Left: alv,5,0.0,0.0,0.0,0.0,,0
sigma2.0_nPeak2_prom500_min20.0_max250.0_exp5.0,TdT,TdT+,Left,Left: amc,3,0.0,0.0,0.0,0.0,,0
sigma2.0_nPeak2_prom500_min20.0_max250.0_exp5.0,TdT,TdT+,Left,Left: ar,3,0.0,0.0,0.0,0.0,,0
sigma2.0_nPeak2_prom500_min20.0_max250.0_exp5.0,TdT,TdT+,Left,Left: bsc,3,0.0,0.0,0.0,0.0,,0
sigma2.0_nPeak2_prom500_min20.0_max250.0_exp5.0,TdT,TdT+,Left,Left: cc,5,0.0,0.0,0.0,0.0,,0
sigma2.0_nPeak2_prom500_min20.0_max250.0_exp5.0,TdT,TdT+,Left,Left: ccb,2,0.0,0.0,0.0,0.0,,0
sigma2.0_nPeak2_prom500_min20.0_max250.0_exp5.0,TdT,TdT+,Left,Left: ccs,5,0.0,0.0,0.0,0.0,,0
sigma2.0_nPeak2_prom500_min20.0_max250.0_exp5.0,TdT,TdT+,Left,Left: chpl,5,0.0,0.0,0.0,0.0,,0
sigma2.0_nPeak2_prom500_min20.0_max250.0_exp5.0,TdT,TdT+,Left,Left: cing,5,0.0,0.0,0.0,0.0,,0
sigma2.0_nPeak2_prom500_min20.0_max250.0_exp5.0,TdT,TdT+,Left,Left: cm,5,0.0,0.0,0.0,0.0,,0
sigma2.0_nPeak2_prom500_min20.0_max250.0_exp5.0,TdT,TdT+,Left,Left: cst,5,0.0,0.0,0.0,0.0,,0
sigma2.0_nPeak2_prom500_min20.0_max250.0_exp5.0,TdT,TdT+,Left,Left: dhc,5,0.0,0.0,0.0,0.0,,0
sigma2.0_nPeak2_prom500_min20.0_max250.0_exp5.0,TdT,TdT+,Left,Left: ec,5,0.0,0.0,0.0,0.0,,0
sigma2.0_nPeak2_prom500_min20.0_max250.0_exp5.0,TdT,TdT+,Left,Left: ee,3,0.0,0.0,0.0,0.0,,0
sigma2.0_nPeak2_prom500_min20.0_max250.0_exp5.0,TdT,TdT+,Left,Left: em,4,0.0,0.0,0.0,0.0,,0
sigma2.0_nPeak2_prom500_min20.0_max250.0_exp5.0,TdT,TdT+,Left,Left: eps,3,0.0,0.0,0.0,0.0,,0
sigma2.0_nPeak2_prom500_min20.0_max250.0_exp5.0,TdT,TdT+,Left,Left: epsc,3,0.0,0.0,0.0,0.0,,0
sigma2.0_nPeak2_prom500_min20.0_max250.0_exp5.0,TdT,TdT+,Left,Left: fa,5,0.0,0.0,0.0,0.0,,0
sigma2.0_nPeak2_prom500_min20.0_max250.0_exp5.0,TdT,TdT+,Left,Left: fi,5,0.0,0.0,0.0,0.0,,0
sigma2.0_nPeak2_prom500_min20.0_max250.0_exp5.0,TdT,TdT+,Left,Left: fiber tracts,5,0.0,0.0,0.0,0.0,,0
sigma2.0_nPeak2_prom500_min20.0_max250.0_exp5.0,TdT,TdT+,Left,Left: fp,3,0.0,0.0,0.0,0.0,,0
sigma2.0_nPeak2_prom500_min20.0_max250.0_exp5.0,TdT,TdT+,Left,Left: fr,3,0.0,0.0,0.0,0.0,,0
sigma2.0_nPeak2_prom500_min20.0_max250.0_exp5.0,TdT,TdT+,Left,Left: fx,5,0.0,0.0,0.0,0.0,,0
sigma2.0_nPeak2_prom500_min20.0_max250.0_exp5.0,TdT,TdT+,Left,Left: fxpo,5,0.0,0.0,0.0,0.0,,0
sigma2.0_nPeak2_prom500_min20.0_max250.0_exp5.0,TdT,TdT+,Left,Left: fxs,5,0.0,0.0,0.0,0.0,,0
sigma2.0_nPeak2_prom500_min20.0_max250.0_exp5.0,TdT,TdT+,Left,Left: grey,5,0.0,0.0,0.0,0.0,,0
sigma2.0_nPeak2_prom500_min20.0_max250.0_exp5.0,TdT,TdT+,Left,Left: hbc,1,0.0,,0.0,0.0,,0
sigma2.0_nPeak2_prom500_min20.0_max250.0_exp5.0,TdT,TdT+,Left,Left: hc,5,0.0,0.0,0.0,0.0,,0
sigma2.0_nPeak2_prom500_min20.0_max250.0_exp5.0,TdT,TdT+,Left,Left: int,5,0.0,0.0,0.0,0.0,,0
sigma2.0_nPeak2_prom500_min20.0_max250.0_exp5.0,TdT,TdT+,Left,Left: lfbs,5,0.0,0.0,0.0,0.0,,0
sigma2.0_nPeak2_prom500_min20.0_max250.0_exp5.0,TdT,TdT+,Left,Left: lfbst,5,0.0,0.0,0.0,0.0,,0
sigma2.0_nPeak2_prom500_min20.0_max250.0_exp5.0,TdT,TdT+,Left,Left: lot,4,0.0,0.0,0.0,0.0,,0
sigma2.0_nPeak2_prom500_min20.0_max250.0_exp5.0,TdT,TdT+,Left,Left: lotg,4,0.0,0.0,0.0,0.0,,0
sigma2.0_nPeak2_prom500_min20.0_max250.0_exp5.0,TdT,TdT+,Left,Left: mct,2,0.0,0.0,0.0,0.0,,0
sigma2.0_nPeak2_prom500_min20.0_max250.0_exp5.0,TdT,TdT+,Left,Left: mfb,2,0.0,0.0,0.0,0.0,,0
sigma2.0_nPeak2_prom500_min20.0_max250.0_exp5.0,TdT,TdT+,Left,Left: mfbc,5,0.0,0.0,0.0,0.0,,0
sigma2.0_nPeak2_prom500_min20.0_max250.0_exp5.0,TdT,TdT+,Left,Left: mfbs,5,0.0,0.0,0.0,0.0,,0
sigma2.0_nPeak2_prom500_min20.0_max250.0_exp5.0,TdT,TdT+,Left,Left: mfbse,5,0.0,0.0,0.0,0.0,,0
sigma2.0_nPeak2_prom500_min20.0_max250.0_exp5.0,TdT,TdT+,Left,Left: mfbsma,3,0.0,0.0,0.0,0.0,,0
sigma2.0_nPeak2_prom500_min20.0_max250.0_exp5.0,TdT,TdT+,Left,Left: mfsbshy,5,0.0,0.0,0.0,0.0,,0
sigma2.0_nPeak2_prom500_min20.0_max250.0_exp5.0,TdT,TdT+,Left,Left: mtt,3,0.0,0.0,0.0,0.0,,0
sigma2.0_nPeak2_prom500_min20.0_max250.0_exp5.0,TdT,TdT+,Left,Left: nst,3,0.0,0.0,0.0,0.0,,0
sigma2.0_nPeak2_prom500_min20.0_max250.0_exp5.0,TdT,TdT+,Left,Left: och,3,0.0,0.0,0.0,0.0,,0
sigma2.0_nPeak2_prom500_min20.0_max250.0_exp5.0,TdT,TdT+,Left,Left: opt,3,0.0,0.0,0.0,0.0,,0
sigma2.0_nPeak2_prom500_min20.0_max250.0_exp5.0,TdT,TdT+,Left,Left: or,5,0.0,0.0,0.0,0.0,,0
sigma2.0_nPeak2_prom500_min20.0_max250.0_exp5.0,TdT,TdT+,Left,Left: pc,2,0.0,0.0,0.0,0.0,,0
sigma2.0_nPeak2_prom500_min20.0_max250.0_exp5.0,TdT,TdT+,Left,Left: root,5,0.0,0.0,0.0,0.0,,0
sigma2.0_nPeak2_prom500_min20.0_max250.0_exp5.0,TdT,TdT+,Left,Left: sAMY,3,0.0,0.0,0.0,0.0,,0
sigma2.0_nPeak2_prom500_min20.0_max250.0_exp5.0,TdT,TdT+,Left,Left: scwm,5,0.0,0.0,0.0,0.0,,0
sigma2.0_nPeak2_prom500_min20.0_max250.0_exp5.0,TdT,TdT+,Left,Left: sm,2,0.0,0.0,0.0,0.0,,0
sigma2.0_nPeak2_prom500_min20.0_max250.0_exp5.0,TdT,TdT+,Left,Left: st,5,0.0,0.0,0.0,0.0,,0
sigma2.0_nPeak2_prom500_min20.0_max250.0_exp5.0,TdT,TdT+,Left,Left: stc,2,0.0,0.0,0.0,0.0,,0
sigma2.0_nPeak2_prom500_min20.0_max250.0_exp5.0,TdT,TdT+,Left,Left: sup,1,0.0,,0.0,0.0,,0
sigma2.0_nPeak2_prom500_min20.0_max250.0_exp5.0,TdT,TdT+,Right,Right: AAA,1,0.0,,0.0,0.0,,0
sigma2.0_nPeak2_prom500_min20.0_max250.0_exp5.0,TdT,TdT+,Right,Right: ACB,2,0.0,0.0,0.0,0.0,,0
sigma2.0_nPeak2_prom500_min20.0_max250.0_exp5.0,TdT,TdT+,Right,Right: AD,2,0.0,0.0,0.0,0.0,,0
sigma2.0_nPeak2_prom500_min20.0_max250.0_exp5.0,TdT,TdT+,Right,Right: ADP,1,0.0,,0.0,0.0,,0
sigma2.0_nPeak2_prom500_min20.0_max250.0_exp5.0,TdT,TdT+,Right,Right: AHN,3,0.0,0.0,0.0,0.0,,0
sigma2.0_nPeak2_prom500_min20.0_max250.0_exp5.0,TdT,TdT+,Right,Right: AI,5,0.0,0.0,0.0,0.0,,0
sigma2.0_nPeak2_prom500_min20.0_max250.0_exp5.0,TdT,TdT+,Right,Right: AIp,5,0.0,0.0,0.0,0.0,,0
sigma2.0_nPeak2_prom500_min20.0_max250.0_exp5.0,TdT,TdT+,Right,Right: AIp1,5,0.0,0.0,0.0,0.0,,0
sigma2.0_nPeak2_prom500_min20.0_max250.0_exp5.0,TdT,TdT+,Right,Right: AIp2/3,5,0.0,0.0,0.0,0.0,,0
sigma2.0_nPeak2_prom500_min20.0_max250.0_exp5.0,TdT,TdT+,Right,Right: AIp5,5,0.0,0.0,0.0,0.0,,0
sigma2.0_nPeak2_prom500_min20.0_max250.0_exp5.0,TdT,TdT+,Right,Right: AIp6a,5,0.0,0.0,0.0,0.0,,0
sigma2.0_nPeak2_prom500_min20.0_max250.0_exp5.0,TdT,TdT+,Right,Right: AIp6b,4,0.0,0.0,0.0,0.0,,0
sigma2.0_nPeak2_prom500_min20.0_max250.0_exp5.0,TdT,TdT+,Right,Right: AM,2,0.0,0.0,0.0,0.0,,0
sigma2.0_nPeak2_prom500_min20.0_max250.0_exp5.0,TdT,TdT+,Right,Right: AMd,2,0.0,0.0,0.0,0.0,,0
sigma2.0_nPeak2_prom500_min20.0_max250.0_exp5.0,TdT,TdT+,Right,Right: AMv,2,0.0,0.0,0.0,0.0,,0
sigma2.0_nPeak2_prom500_min20.0_max250.0_exp5.0,TdT,TdT+,Right,Right: APN,3,0.0,0.0,0.0,0.0,,0
sigma2.0_nPeak2_prom500_min20.0_max250.0_exp5.0,TdT,TdT+,Right,Right: ASO,1,0.0,,0.0,0.0,,0
sigma2.0_nPeak2_prom500_min20.0_max250.0_exp5.0,TdT,TdT+,Right,Right: ATN,2,0.0,0.0,0.0,0.0,,0
sigma2.0_nPeak2_prom500_min20.0_max250.0_exp5.0,TdT,TdT+,Right,Right: AUD,3,0.0,0.0,0.0,0.0,,0
sigma2.0_nPeak2_prom500_min20.0_max250.0_exp5.0,TdT,TdT+,Right,Right: AUDd,2,0.0,0.0,0.0,0.0,,0
sigma2.0_nPeak2_prom500_min20.0_max250.0_exp5.0,TdT,TdT+,Right,Right: AUDd1,1,0.0,,0.0,0.0,,0
sigma2.0_nPeak2_prom500_min20.0_max250.0_exp5.0,TdT,TdT+,Right,Right: AUDd2/3,1,0.0,,0.0,0.0,,0
sigma2.0_nPeak2_prom500_min20.0_max250.0_exp5.0,TdT,TdT+,Right,Right: AUDd4,1,0.0,,0.0,0.0,,0
sigma2.0_nPeak2_prom500_min20.0_max250.0_exp5.0,TdT,TdT+,Right,Right: AUDd5,2,0.0,0.0,0.0,0.0,,0
sigma2.0_nPeak2_prom500_min20.0_max250.0_exp5.0,TdT,TdT+,Right,Right: AUDd6a,2,0.0,0.0,0.0,0.0,,0
sigma2.0_nPeak2_prom500_min20.0_max250.0_exp5.0,TdT,TdT+,Right,Right: AUDd6b,2,0.0,0.0,0.0,0.0,,0
sigma2.0_nPeak2_prom500_min20.0_max250.0_exp5.0,TdT,TdT+,Right,Right: AUDp,3,0.0,0.0,0.0,0.0,,0
sigma2.0_nPeak2_prom500_min20.0_max250.0_exp5.0,TdT,TdT+,Right,Right: AUDp1,3,0.0,0.0,0.0,0.0,,0
sigma2.0_nPeak2_prom500_min20.0_max250.0_exp5.0,TdT,TdT+,Right,Right: AUDp2/3,3,0.0,0.0,0.0,0.0,,0
sigma2.0_nPeak2_prom500_min20.0_max250.0_exp5.0,TdT,TdT+,Right,Right: AUDp4,3,0.0,0.0,0.0,0.0,,0
sigma2.0_nPeak2_prom500_min20.0_max250.0_exp5.0,TdT,TdT+,Right,Right: AUDp5,3,0.0,0.0,0.0,0.0,,0
sigma2.0_nPeak2_prom500_min20.0_max250.0_exp5.0,TdT,TdT+,Right,Right: AUDp6a,2,0.0,0.0,0.0,0.0,,0
sigma2.0_nPeak2_prom500_min20.0_max250.0_exp5.0,TdT,TdT+,Right,Right: AUDp6b,2,0.0,0.0,0.0,0.0,,0
sigma2.0_nPeak2_prom500_min20.0_max250.0_exp5.0,TdT,TdT+,Right,Right: AUDpo,2,0.0,0.0,0.0,0.0,,0
sigma2.0_nPeak2_prom500_min20.0_max250.0_exp5.0,TdT,TdT+,Right,Right: AUDpo1,2,0.0,0.0,0.0,0.0,,0
sigma2.0_nPeak2_prom500_min20.0_max250.0_exp5.0,TdT,TdT+,Right,Right: AUDpo2/3,2,0.0,0.0,0.0,0.0,,0
sigma2.0_nPeak2_prom500_min20.0_max250.0_exp5.0,TdT,TdT+,Right,Right: AUDpo4,2,0.0,0.0,0.0,0.0,,0
sigma2.0_nPeak2_prom500_min20.0_max250.0_exp5.0,TdT,TdT+,Right,Right: AUDpo5,2,0.0,0.0,0.0,0.0,,0
sigma2.0_nPeak2_prom500_min20.0_max250.0_exp5.0,TdT,TdT+,Right,Right: AUDpo6a,1,0.0,,0.0,0.0,,0
sigma2.0_nPeak2_prom500_min20.0_max250.0_exp5.0,TdT,TdT+,Right,Right: AUDpo6b,1,0.0,,0.0,0.0,,0
sigma2.0_nPeak2_prom500_min20.0_max250.0_exp5.0,TdT,TdT+,Right,Right: AUDv,3,0.0,0.0,0.0,0.0,,0
sigma2.0_nPeak2_prom500_min20.0_max250.0_exp5.0,TdT,TdT+,Right,Right: AUDv1,3,0.0,0.0,0.0,0.0,,0
sigma2.0_nPeak2_prom500_min20.0_max250.0_exp5.0,TdT,TdT+,Right,Right: AUDv2/3,3,0.0,0.0,0.0,0.0,,0
sigma2.0_nPeak2_prom500_min20.0_max250.0_exp5.0,TdT,TdT+,Right,Right: AUDv4,3,0.0,0.0,0.0,0.0,,0
sigma2.0_nPeak2_prom500_min20.0_max250.0_exp5.0,TdT,TdT+,Right,Right: AUDv5,3,0.0,0.0,0.0,0.0,,0
sigma2.0_nPeak2_prom500_min20.0_max250.0_exp5.0,TdT,TdT+,Right,Right: AUDv6a,3,0.0,0.0,0.0,0.0,,0
sigma2.0_nPeak2_prom500_min20.0_max250.0_exp5.0,TdT,TdT+,Right,Right: AUDv6b,3,0.0,0.0,0.0,0.0,,0
sigma2.0_nPeak2_prom500_min20.0_max250.0_exp5.0,TdT,TdT+,Right,Right: AV,2,0.0,0.0,0.0,0.0,,0
sigma2.0_nPeak2_prom500_min20.0_max250.0_exp5.0,TdT,TdT+,Right,Right: AVP,2,0.0,0.0,0.0,0.0,,0
sigma2.0_nPeak2_prom500_min20.0_max250.0_exp5.0,TdT,TdT+,Right,Right: AVPV,2,0.0,0.0,0.0,0.0,,0
sigma2.0_nPeak2_prom500_min20.0_max250.0_exp5.0,TdT,TdT+,Right,Right: BAC,1,0.0,,0.0,0.0,,0
sigma2.0_nPeak2_prom500_min20.0_max250.0_exp5.0,TdT,TdT+,Right,Right: BLA,3,0.0,0.0,0.0,0.0,,0
sigma2.0_nPeak2_prom500_min20.0_max250.0_exp5.0,TdT,TdT+,Right,Right: BLAa,3,0.0,0.0,0.0,0.0,,0
sigma2.0_nPeak2_prom500_min20.0_max250.0_exp5.0,TdT,TdT+,Right,Right: BMA,3,0.0,0.0,0.0,0.0,,0
sigma2.0_nPeak2_prom500_min20.0_max250.0_exp5.0,TdT,TdT+,Right,Right: BMAa,3,0.0,0.0,0.0,0.0,,0
sigma2.0_nPeak2_prom500_min20.0_max250.0_exp5.0,TdT,TdT+,Right,Right: BS,5,0.0,0.0,0.0,0.0,,0
sigma2.0_nPeak2_prom500_min20.0_max250.0_exp5.0,TdT,TdT+,Right,Right: BST,2,0.0,0.0,0.0,0.0,,0
sigma2.0_nPeak2_prom500_min20.0_max250.0_exp5.0,TdT,TdT+,Right,Right: CA,5,0.0,0.0,0.0,0.0,,0
sigma2.0_nPeak2_prom500_min20.0_max250.0_exp5.0,TdT,TdT+,Right,Right: CA1,5,0.0,0.0,0.0,0.0,,0
sigma2.0_nPeak2_prom500_min20.0_max250.0_exp5.0,TdT,TdT+,Right,Right: CA2,5,0.0,0.0,0.0,0.0,,0
sigma2.0_nPeak2_prom500_min20.0_max250.0_exp5.0,TdT,TdT+,Right,Right: CA3,5,0.0,0.0,0.0,0.0,,0
sigma2.0_nPeak2_prom500_min20.0_max250.0_exp5.0,TdT,TdT+,Right,Right: CEA,3,0.0,0.0,0.0,0.0,,0
sigma2.0_nPeak2_prom500_min20.0_max250.0_exp5.0,TdT,TdT+,Right,Right: CEAc,3,0.0,0.0,0.0,0.0,,0
sigma2.0_nPeak2_prom500_min20.0_max250.0_exp5.0,TdT,TdT+,Right,Right: CEAl,3,0.0,0.0,0.0,0.0,,0
sigma2.0_nPeak2_prom500_min20.0_max250.0_exp5.0,TdT,TdT+,Right,Right: CEAm,3,0.0,0.0,0.0,0.0,,0
sigma2.0_nPeak2_prom500_min20.0_max250.0_exp5.0,TdT,TdT+,Right,Right: CH,5,0.0,0.0,0.0,0.0,,0
sigma2.0_nPeak2_prom500_min20.0_max250.0_exp5.0,TdT,TdT+,Right,Right: CL,3,0.0,0.0,0.0,0.0,,0
sigma2.0_nPeak2_prom500_min20.0_max250.0_exp5.0,TdT,TdT+,Right,Right: CLA,2,0.0,0.0,0.0,0.0,,0
sigma2.0_nPeak2_prom500_min20.0_max250.0_exp5.0,TdT,TdT+,Right,Right: CM,3,0.0,0.0,0.0,0.0,,0
sigma2.0_nPeak2_prom500_min20.0_max250.0_exp5.0,TdT,TdT+,Right,Right: CNU,5,0.0,0.0,0.0,0.0,,0
sigma2.0_nPeak2_prom500_min20.0_max250.0_exp5.0,TdT,TdT+,Right,Right: COA,3,0.0,0.0,0.0,0.0,,0
sigma2.0_nPeak2_prom500_min20.0_max250.0_exp5.0,TdT,TdT+,Right,Right: COAa,3,0.0,0.0,0.0,0.0,,0
sigma2.0_nPeak2_prom500_min20.0_max250.0_exp5.0,TdT,TdT+,Right,Right: CP,5,0.0,0.0,0.0,0.0,,0
sigma2.0_nPeak2_prom500_min20.0_max250.0_exp5.0,TdT,TdT+,Right,Right: CTX,5,0.0,0.0,0.0,0.0,,0
sigma2.0_nPeak2_prom500_min20.0_max250.0_exp5.0,TdT,TdT+,Right,Right: CTXpl,5,0.0,0.0,0.0,0.0,,0
sigma2.0_nPeak2_prom500_min20.0_max250.0_exp5.0,TdT,TdT+,Right,Right: CTXsp,5,0.0,0.0,0.0,0.0,,0
sigma2.0_nPeak2_prom500_min20.0_max250.0_exp5.0,TdT,TdT+,Right,Right: DG,5,0.0,0.0,0.0,0.0,,0
sigma2.0_nPeak2_prom500_min20.0_max250.0_exp5.0,TdT,TdT+,Right,Right: DG-mo,5,0.0,0.0,0.0,0.0,,0
sigma2.0_nPeak2_prom500_min20.0_max250.0_exp5.0,TdT,TdT+,Right,Right: DG-po,5,0.0,0.0,0.0,0.0,,0
sigma2.0_nPeak2_prom500_min20.0_max250.0_exp5.0,TdT,TdT+,Right,Right: DG-sg,5,0.0,0.0,0.0,0.0,,0
sigma2.0_nPeak2_prom500_min20.0_max250.0_exp5.0,TdT,TdT+,Right,Right: DORpm,5,0.0,0.0,0.0,0.0,,0
sigma2.0_nPeak2_prom500_min20.0_max250.0_exp5.0,TdT,TdT+,Right,Right: DORsm,4,0.0,0.0,0.0,0.0,,0
sigma2.0_nPeak2_prom500_min20.0_max250.0_exp5.0,TdT,TdT+,Right,Right: ECT,2,0.0,0.0,0.0,0.0,,0
sigma2.0_nPeak2_prom500_min20.0_max250.0_exp5.0,TdT,TdT+,Right,Right: ECT1,2,0.0,0.0,0.0,0.0,,0
sigma2.0_nPeak2_prom500_min20.0_max250.0_exp5.0,TdT,TdT+,Right,Right: ECT2/3,2,0.0,0.0,0.0,0.0,,0
sigma2.0_nPeak2_prom500_min20.0_max250.0_exp5.0,TdT,TdT+,Right,Right: ECT5,2,0.0,0.0,0.0,0.0,,0
sigma2.0_nPeak2_prom500_min20.0_max250.0_exp5.0,TdT,TdT+,Right,Right: ECT6a,2,0.0,0.0,0.0,0.0,,0
sigma2.0_nPeak2_prom500_min20.0_max250.0_exp5.0,TdT,TdT+,Right,Right: ECT6b,1,0.0,,0.0,0.0,,0
sigma2.0_nPeak2_prom500_min20.0_max250.0_exp5.0,TdT,TdT+,Right,Right: EP,5,0.0,0.0,0.0,0.0,,0
sigma2.0_nPeak2_prom500_min20.0_max250.0_exp5.0,TdT,TdT+,Right,Right: EPI,3,0.0,0.0,0.0,0.0,,0
sigma2.0_nPeak2_prom500_min20.0_max250.0_exp5.0,TdT,TdT+,Right,Right: EPd,5,0.0,0.0,0.0,0.0,,0
sigma2.0_nPeak2_prom500_min20.0_max250.0_exp5.0,TdT,TdT+,Right,Right: EPv,4,0.0,0.0,0.0,0.0,,0
sigma2.0_nPeak2_prom500_min20.0_max250.0_exp5.0,TdT,TdT+,Right,Right: Eth,3,0.0,0.0,0.0,0.0,,0
sigma2.0_nPeak2_prom500_min20.0_max250.0_exp5.0,TdT,TdT+,Right,Right: FC,2,0.0,0.0,0.0,0.0,,0
sigma2.0_nPeak2_prom500_min20.0_max250.0_exp5.0,TdT,TdT+,Right,Right: FS,3,0.0,0.0,0.0,0.0,,0
sigma2.0_nPeak2_prom500_min20.0_max250.0_exp5.0,TdT,TdT+,Right,Right: GENd,3,0.0,0.0,0.0,0.0,,0
sigma2.0_nPeak2_prom500_min20.0_max250.0_exp5.0,TdT,TdT+,Right,Right: GENv,3,0.0,0.0,0.0,0.0,,0
sigma2.0_nPeak2_prom500_min20.0_max250.0_exp5.0,TdT,TdT+,Right,Right: GPe,5,0.0,0.0,0.0,0.0,,0
sigma2.0_nPeak2_prom500_min20.0_max250.0_exp5.0,TdT,TdT+,Right,Right: GPi,3,0.0,0.0,0.0,0.0,,0
sigma2.0_nPeak2_prom500_min20.0_max250.0_exp5.0,TdT,TdT+,Right,Right: GU,2,0.0,0.0,0.0,0.0,,0
sigma2.0_nPeak2_prom500_min20.0_max250.0_exp5.0,TdT,TdT+,Right,Right: GU1,2,0.0,0.0,0.0,0.0,,0
sigma2.0_nPeak2_prom500_min20.0_max250.0_exp5.0,TdT,TdT+,Right,Right: GU2/3,2,0.0,0.0,0.0,0.0,,0
sigma2.0_nPeak2_prom500_min20.0_max250.0_exp5.0,TdT,TdT+,Right,Right: GU4,2,0.0,0.0,0.0,0.0,,0
sigma2.0_nPeak2_prom500_min20.0_max250.0_exp5.0,TdT,TdT+,Right,Right: GU5,2,0.0,0.0,0.0,0.0,,0
sigma2.0_nPeak2_prom500_min20.0_max250.0_exp5.0,TdT,TdT+,Right,Right: GU6a,2,0.0,0.0,0.0,0.0,,0
sigma2.0_nPeak2_prom500_min20.0_max250.0_exp5.0,TdT,TdT+,Right,Right: GU6b,2,0.0,0.0,0.0,0.0,,0
sigma2.0_nPeak2_prom500_min20.0_max250.0_exp5.0,TdT,TdT+,Right,Right: HIP,5,0.0,0.0,0.0,0.0,,0
sigma2.0_nPeak2_prom500_min20.0_max250.0_exp5.0,TdT,TdT+,Right,Right: HPF,5,0.0,0.0,0.0,0.0,,0
sigma2.0_nPeak2_prom500_min20.0_max250.0_exp5.0,TdT,TdT+,Right,Right: HY,5,0.0,0.0,0.0,0.0,,0
sigma2.0_nPeak2_prom500_min20.0_max250.0_exp5.0,TdT,TdT+,Right,Right: IA,3,0.0,0.0,0.0,0.0,,0
sigma2.0_nPeak2_prom500_min20.0_max250.0_exp5.0,TdT,TdT+,Right,Right: IAD,2,0.0,0.0,0.0,0.0,,0
sigma2.0_nPeak2_prom500_min20.0_max250.0_exp5.0,TdT,TdT+,Right,Right: IB,5,0.0,0.0,0.0,0.0,,0
sigma2.0_nPeak2_prom500_min20.0_max250.0_exp5.0,TdT,TdT+,Right,Right: IGL,2,0.0,0.0,0.0,0.0,,0
sigma2.0_nPeak2_prom500_min20.0_max250.0_exp5.0,TdT,TdT+,Right,Right: IIIn,2,0.0,0.0,0.0,0.0,,0
sigma2.0_nPeak2_prom500_min20.0_max250.0_exp5.0,TdT,TdT+,Right,Right: IIn,5,0.0,0.0,0.0,0.0,,0
sigma2.0_nPeak2_prom500_min20.0_max250.0_exp5.0,TdT,TdT+,Right,Right: ILM,4,0.0,0.0,0.0,0.0,,0
sigma2.0_nPeak2_prom500_min20.0_max250.0_exp5.0,TdT,TdT+,Right,Right: IMD,3,0.0,0.0,0.0,0.0,,0
sigma2.0_nPeak2_prom500_min20.0_max250.0_exp5.0,TdT,TdT+,Right,Right: In,5,0.0,0.0,0.0,0.0,,0
sigma2.0_nPeak2_prom500_min20.0_max250.0_exp5.0,TdT,TdT+,Right,Right: Isocortex,5,0.0,0.0,0.0,0.0,,0
sigma2.0_nPeak2_prom500_min20.0_max250.0_exp5.0,TdT,TdT+,Right,Right: LA,3,0.0,0.0,0.0,0.0,,0
sigma2.0_nPeak2_prom500_min20.0_max250.0_exp5.0,TdT,TdT+,Right,Right: LAT,3,0.0,0.0,0.0,0.0,,0
sigma2.0_nPeak2_prom500_min20.0_max250.0_exp5.0,TdT,TdT+,Right,Right: LD,2,0.0,0.0,0.0,0.0,,0
sigma2.0_nPeak2_prom500_min20.0_max250.0_exp5.0,TdT,TdT+,Right,Right: LGd,3,0.0,0.0,0.0,0.0,,0
sigma2.0_nPeak2_prom500_min20.0_max250.0_exp5.0,TdT,TdT+,Right,Right: LGd-co,3,0.0,0.0,0.0,0.0,,0
sigma2.0_nPeak2_prom500_min20.0_max250.0_exp5.0,TdT,TdT+,Right,Right: LGd-ip,3,0.0,0.0,0.0,0.0,,0
sigma2.0_nPeak2_prom500_min20.0_max250.0_exp5.0,TdT,TdT+,Right,Right: LGd-sh,3,0.0,0.0,0.0,0.0,,0
sigma2.0_nPeak2_prom500_min20.0_max250.0_exp5.0,TdT,TdT+,Right,Right: LGv,3,0.0,0.0,0.0,0.0,,0
sigma2.0_nPeak2_prom500_min20.0_max250.0_exp5.0,TdT,TdT+,Right,Right: LH,3,0.0,0.0,0.0,0.0,,0
sigma2.0_nPeak2_prom500_min20.0_max250.0_exp5.0,TdT,TdT+,Right,Right: LHA,3,0.0,0.0,0.0,0.0,,0
sigma2.0_nPeak2_prom500_min20.0_max250.0_exp5.0,TdT,TdT+,Right,Right: LP,3,0.0,0.0,0.0,0.0,,0
sigma2.0_nPeak2_prom500_min20.0_max250.0_exp5.0,TdT,TdT+,Right,Right: LPO,2,0.0,0.0,0.0,0.0,,0
sigma2.0_nPeak2_prom500_min20.0_max250.0_exp5.0,TdT,TdT+,Right,Right: LZ,5,0.0,0.0,0.0,0.0,,0
sigma2.0_nPeak2_prom500_min20.0_max250.0_exp5.0,TdT,TdT+,Right,Right: MA,1,0.0,,0.0,0.0,,0
sigma2.0_nPeak2_prom500_min20.0_max250.0_exp5.0,TdT,TdT+,Right,Right: MB,3,0.0,0.0,0.0,0.0,,0
sigma2.0_nPeak2_prom500_min20.0_max250.0_exp5.0,TdT,TdT+,Right,Right: MBmot,3,0.0,0.0,0.0,0.0,,0
sigma2.0_nPeak2_prom500_min20.0_max250.0_exp5.0,TdT,TdT+,Right,Right: MBsen,2,0.0,0.0,0.0,0.0,,0
sigma2.0_nPeak2_prom500_min20.0_max250.0_exp5.0,TdT,TdT+,Right,Right: MD,5,0.0,0.0,0.0,0.0,,0
sigma2.0_nPeak2_prom500_min20.0_max250.0_exp5.0,TdT,TdT+,Right,Right: MEA,2,0.0,0.0,0.0,0.0,,0
sigma2.0_nPeak2_prom500_min20.0_max250.0_exp5.0,TdT,TdT+,Right,Right: MED,5,0.0,0.0,0.0,0.0,,0
sigma2.0_nPeak2_prom500_min20.0_max250.0_exp5.0,TdT,TdT+,Right,Right: MEPO,1,0.0,,0.0,0.0,,0
sigma2.0_nPeak2_prom500_min20.0_max250.0_exp5.0,TdT,TdT+,Right,Right: MEZ,4,0.0,0.0,0.0,0.0,,0
sigma2.0_nPeak2_prom500_min20.0_max250.0_exp5.0,TdT,TdT+,Right,Right: MH,3,0.0,0.0,0.0,0.0,,0
sigma2.0_nPeak2_prom500_min20.0_max250.0_exp5.0,TdT,TdT+,Right,Right: MPN,1,0.0,,0.0,0.0,,0
sigma2.0_nPeak2_prom500_min20.0_max250.0_exp5.0,TdT,TdT+,Right,Right: MPO,2,0.0,0.0,0.0,0.0,,0
sigma2.0_nPeak2_prom500_min20.0_max250.0_exp5.0,TdT,TdT+,Right,Right: MPT,2,0.0,0.0,0.0,0.0,,0
sigma2.0_nPeak2_prom500_min20.0_max250.0_exp5.0,TdT,TdT+,Right,Right: MSC,3,0.0,0.0,0.0,0.0,,0
sigma2.0_nPeak2_prom500_min20.0_max250.0_exp5.0,TdT,TdT+,Right,Right: MTN,5,0.0,0.0,0.0,0.0,,0
sigma2.0_nPeak2_prom500_min20.0_max250.0_exp5.0,TdT,TdT+,Right,Right: NDB,3,0.0,0.0,0.0,0.0,,0
sigma2.0_nPeak2_prom500_min20.0_max250.0_exp5.0,TdT,TdT+,Right,Right: NLOT,2,0.0,0.0,0.0,0.0,,0
sigma2.0_nPeak2_prom500_min20.0_max250.0_exp5.0,TdT,TdT+,Right,Right: NLOT1,2,0.0,0.0,0.0,0.0,,0
sigma2.0_nPeak2_prom500_min20.0_max250.0_exp5.0,TdT,TdT+,Right,Right: NLOT2,2,0.0,0.0,0.0,0.0,,0
sigma2.0_nPeak2_prom500_min20.0_max250.0_exp5.0,TdT,TdT+,Right,Right: NLOT3,2,0.0,0.0,0.0,0.0,,0
sigma2.0_nPeak2_prom500_min20.0_max250.0_exp5.0,TdT,TdT+,Right,Right: NOT,2,0.0,0.0,0.0,0.0,,0
sigma2.0_nPeak2_prom500_min20.0_max250.0_exp5.0,TdT,TdT+,Right,Right: NPC,2,0.0,0.0,0.0,0.0,,0
sigma2.0_nPeak2_prom500_min20.0_max250.0_exp5.0,TdT,TdT+,Right,Right: OLF,5,0.0,0.0,0.0,0.0,,0
sigma2.0_nPeak2_prom500_min20.0_max250.0_exp5.0,TdT,TdT+,Right,Right: OP,2,0.0,0.0,0.0,0.0,,0
sigma2.0_nPeak2_prom500_min20.0_max250.0_exp5.0,TdT,TdT+,Right,Right: OT,3,0.0,0.0,0.0,0.0,,0
sigma2.0_nPeak2_prom500_min20.0_max250.0_exp5.0,TdT,TdT+,Right,Right: OV,2,0.0,0.0,0.0,0.0,,0
sigma2.0_nPeak2_prom500_min20.0_max250.0_exp5.0,TdT,TdT+,Right,Right: PAA,3,0.0,0.0,0.0,0.0,,0
sigma2.0_nPeak2_prom500_min20.0_max250.0_exp5.0,TdT,TdT+,Right,Right: PAG,3,0.0,0.0,0.0,0.0,,0
sigma2.0_nPeak2_prom500_min20.0_max250.0_exp5.0,TdT,TdT+,Right,Right: PAL,5,0.0,0.0,0.0,0.0,,0
sigma2.0_nPeak2_prom500_min20.0_max250.0_exp5.0,TdT,TdT+,Right,Right: PALc,2,0.0,0.0,0.0,0.0,,0
sigma2.0_nPeak2_prom500_min20.0_max250.0_exp5.0,TdT,TdT+,Right,Right: PALd,5,0.0,0.0,0.0,0.0,,0
sigma2.0_nPeak2_prom500_min20.0_max250.0_exp5.0,TdT,TdT+,Right,Right: PALm,3,0.0,0.0,0.0,0.0,,0
sigma2.0_nPeak2_prom500_min20.0_max250.0_exp5.0,TdT,TdT+,Right,Right: PALv,5,0.0,0.0,0.0,0.0,,0
sigma2.0_nPeak2_prom500_min20.0_max250.0_exp5.0,TdT,TdT+,Right,Right: PCN,3,0.0,0.0,0.0,0.0,,0
sigma2.0_nPeak2_prom500_min20.0_max250.0_exp5.0,TdT,TdT+,Right,Right: PERI,1,0.0,,0.0,0.0,,0
sigma2.0_nPeak2_prom500_min20.0_max250.0_exp5.0,TdT,TdT+,Right,Right: PERI1,1,0.0,,0.0,0.0,,0
sigma2.0_nPeak2_prom500_min20.0_max250.0_exp5.0,TdT,TdT+,Right,Right: PERI2/3,1,0.0,,0.0,0.0,,0
sigma2.0_nPeak2_prom500_min20.0_max250.0_exp5.0,TdT,TdT+,Right,Right: PERI5,1,0.0,,0.0,0.0,,0
sigma2.0_nPeak2_prom500_min20.0_max250.0_exp5.0,TdT,TdT+,Right,Right: PF,2,0.0,0.0,0.0,0.0,,0
sigma2.0_nPeak2_prom500_min20.0_max250.0_exp5.0,TdT,TdT+,Right,Right: PIR,5,0.0,0.0,0.0,0.0,,0
sigma2.0_nPeak2_prom500_min20.0_max250.0_exp5.0,TdT,TdT+,Right,Right: PO,3,0.0,0.0,0.0,0.0,,0
sigma2.0_nPeak2_prom500_min20.0_max250.0_exp5.0,TdT,TdT+,Right,Right: POL,2,0.0,0.0,0.0,0.0,,0
sigma2.0_nPeak2_prom500_min20.0_max250.0_exp5.0,TdT,TdT+,Right,Right: POST,1,0.0,,0.0,0.0,,0
sigma2.0_nPeak2_prom500_min20.0_max250.0_exp5.0,TdT,TdT+,Right,Right: PPT,2,0.0,0.0,0.0,0.0,,0
sigma2.0_nPeak2_prom500_min20.0_max250.0_exp5.0,TdT,TdT+,Right,Right: PR,3,0.0,0.0,0.0,0.0,,0
sigma2.0_nPeak2_prom500_min20.0_max250.0_exp5.0,TdT,TdT+,Right,Right: PRC,3,0.0,0.0,0.0,0.0,,0
sigma2.0_nPeak2_prom500_min20.0_max250.0_exp5.0,TdT,TdT+,Right,Right: PRT,3,0.0,0.0,0.0,0.0,,0
sigma2.0_nPeak2_prom500_min20.0_max250.0_exp5.0,TdT,TdT+,Right,Right: PS,2,0.0,0.0,0.0,0.0,,0
sigma2.0_nPeak2_prom500_min20.0_max250.0_exp5.0,TdT,TdT+,Right,Right: PT,2,0.0,0.0,0.0,0.0,,0
sigma2.0_nPeak2_prom500_min20.0_max250.0_exp5.0,TdT,TdT+,Right,Right: PTLp,4,0.0,0.0,0.0,0.0,,0
sigma2.0_nPeak2_prom500_min20.0_max250.0_exp5.0,TdT,TdT+,Right,Right: PVH,2,0.0,0.0,0.0,0.0,,0
sigma2.0_nPeak2_prom500_min20.0_max250.0_exp5.0,TdT,TdT+,Right,Right: PVHd,2,0.0,0.0,0.0,0.0,,0
sigma2.0_nPeak2_prom500_min20.0_max250.0_exp5.0,TdT,TdT+,Right,Right: PVR,5,0.0,0.0,0.0,0.0,,0
sigma2.0_nPeak2_prom500_min20.0_max250.0_exp5.0,TdT,TdT+,Right,Right: PVT,4,0.0,0.0,0.0,0.0,,0
sigma2.0_nPeak2_prom500_min20.0_max250.0_exp5.0,TdT,TdT+,Right,Right: PVZ,3,0.0,0.0,0.0,0.0,,0
sigma2.0_nPeak2_prom500_min20.0_max250.0_exp5.0,TdT,TdT+,Right,Right: PVa,2,0.0,0.0,0.0,0.0,,0
sigma2.0_nPeak2_prom500_min20.0_max250.0_exp5.0,TdT,TdT+,Right,Right: PVi,2,0.0,0.0,0.0,0.0,,0
sigma2.0_nPeak2_prom500_min20.0_max250.0_exp5.0,TdT,TdT+,Right,Right: PVpo,2,0.0,0.0,0.0,0.0,,0
sigma2.0_nPeak2_prom500_min20.0_max250.0_exp5.0,TdT,TdT+,Right,Right: PeF,3,0.0,0.0,0.0,0.0,,0
sigma2.0_nPeak2_prom500_min20.0_max250.0_exp5.0,TdT,TdT+,Right,Right: PoT,1,0.0,,0.0,0.0,,0
sigma2.0_nPeak2_prom500_min20.0_max250.0_exp5.0,TdT,TdT+,Right,Right: ProS,3,0.0,0.0,0.0,0.0,,0
sigma2.0_nPeak2_prom500_min20.0_max250.0_exp5.0,TdT,TdT+,Right,Right: RCH,2,0.0,0.0,0.0,0.0,,0
sigma2.0_nPeak2_prom500_min20.0_max250.0_exp5.0,TdT,TdT+,Right,Right: RE,3,0.0,0.0,0.0,0.0,,0
sigma2.0_nPeak2_prom500_min20.0_max250.0_exp5.0,TdT,TdT+,Right,Right: RH,2,0.0,0.0,0.0,0.0,,0
sigma2.0_nPeak2_prom500_min20.0_max250.0_exp5.0,TdT,TdT+,Right,Right: RHP,3,0.0,0.0,0.0,0.0,,0
sigma2.0_nPeak2_prom500_min20.0_max250.0_exp5.0,TdT,TdT+,Right,Right: RPF,1,0.0,,0.0,0.0,,0
sigma2.0_nPeak2_prom500_min20.0_max250.0_exp5.0,TdT,TdT+,Right,Right: RSP,5,0.0,0.0,0.0,0.0,,0
sigma2.0_nPeak2_prom500_min20.0_max250.0_exp5.0,TdT,TdT+,Right,Right: RSPagl,5,0.0,0.0,0.0,0.0,,0
sigma2.0_nPeak2_prom500_min20.0_max250.0_exp5.0,TdT,TdT+,Right,Right: RSPagl1,5,0.0,0.0,0.0,0.0,,0
sigma2.0_nPeak2_prom500_min20.0_max250.0_exp5.0,TdT,TdT+,Right,Right: RSPagl2/3,5,0.0,0.0,0.0,0.0,,0
sigma2.0_nPeak2_prom500_min20.0_max250.0_exp5.0,TdT,TdT+,Right,Right: RSPagl5,5,0.0,0.0,0.0,0.0,,0
sigma2.0_nPeak2_prom500_min20.0_max250.0_exp5.0,TdT,TdT+,Right,Right: RSPagl6a,5,0.0,0.0,0.0,0.0,,0
sigma2.0_nPeak2_prom500_min20.0_max250.0_exp5.0,TdT,TdT+,Right,Right: RSPagl6b,5,0.0,0.0,0.0,0.0,,0
sigma2.0_nPeak2_prom500_min20.0_max250.0_exp5.0,TdT,TdT+,Right,Right: RSPd,5,0.0,0.0,0.0,0.0,,0
sigma2.0_nPeak2_prom500_min20.0_max250.0_exp5.0,TdT,TdT+,Right,Right: RSPd1,5,0.0,0.0,0.0,0.0,,0
sigma2.0_nPeak2_prom500_min20.0_max250.0_exp5.0,TdT,TdT+,Right,Right: RSPd2/3,5,0.0,0.0,0.0,0.0,,0
sigma2.0_nPeak2_prom500_min20.0_max250.0_exp5.0,TdT,TdT+,Right,Right: RSPd5,5,0.0,0.0,0.0,0.0,,0
sigma2.0_nPeak2_prom500_min20.0_max250.0_exp5.0,TdT,TdT+,Right,Right: RSPd6a,5,0.0,0.0,0.0,0.0,,0
sigma2.0_nPeak2_prom500_min20.0_max250.0_exp5.0,TdT,TdT+,Right,Right: RSPd6b,5,0.0,0.0,0.0,0.0,,0
sigma2.0_nPeak2_prom500_min20.0_max250.0_exp5.0,TdT,TdT+,Right,Right: RSPv,5,0.0,0.0,0.0,0.0,,0
sigma2.0_nPeak2_prom500_min20.0_max250.0_exp5.0,TdT,TdT+,Right,Right: RSPv1,5,0.0,0.0,0.0,0.0,,0
sigma2.0_nPeak2_prom500_min20.0_max250.0_exp5.0,TdT,TdT+,Right,Right: RSPv2/3,5,0.0,0.0,0.0,0.0,,0
sigma2.0_nPeak2_prom500_min20.0_max250.0_exp5.0,TdT,TdT+,Right,Right: RSPv5,5,0.0,0.0,0.0,0.0,,0
sigma2.0_nPeak2_prom500_min20.0_max250.0_exp5.0,TdT,TdT+,Right,Right: RSPv6a,5,0.0,0.0,0.0,0.0,,0
sigma2.0_nPeak2_prom500_min20.0_max250.0_exp5.0,TdT,TdT+,Right,Right: RSPv6b,5,0.0,0.0,0.0,0.0,,0
sigma2.0_nPeak2_prom500_min20.0_max250.0_exp5.0,TdT,TdT+,Right,Right: RT,5,0.0,0.0,0.0,0.0,,0
sigma2.0_nPeak2_prom500_min20.0_max250.0_exp5.0,TdT,TdT+,Right,Right: SBPV,2,0.0,0.0,0.0,0.0,,0
sigma2.0_nPeak2_prom500_min20.0_max250.0_exp5.0,TdT,TdT+,Right,Right: SCH,3,0.0,0.0,0.0,0.0,,0
sigma2.0_nPeak2_prom500_min20.0_max250.0_exp5.0,TdT,TdT+,Right,Right: SCO,2,0.0,0.0,0.0,0.0,,0
sigma2.0_nPeak2_prom500_min20.0_max250.0_exp5.0,TdT,TdT+,Right,Right: SCig,1,0.0,,0.0,0.0,,0
sigma2.0_nPeak2_prom500_min20.0_max250.0_exp5.0,TdT,TdT+,Right,Right: SCm,1,0.0,,0.0,0.0,,0
sigma2.0_nPeak2_prom500_min20.0_max250.0_exp5.0,TdT,TdT+,Right,Right: SCop,1,0.0,,0.0,0.0,,0
sigma2.0_nPeak2_prom500_min20.0_max250.0_exp5.0,TdT,TdT+,Right,Right: SCs,1,0.0,,0.0,0.0,,0
sigma2.0_nPeak2_prom500_min20.0_max250.0_exp5.0,TdT,TdT+,Right,Right: SCsg,1,0.0,,0.0,0.0,,0
sigma2.0_nPeak2_prom500_min20.0_max250.0_exp5.0,TdT,TdT+,Right,Right: SCzo,1,0.0,,0.0,0.0,,0
sigma2.0_nPeak2_prom500_min20.0_max250.0_exp5.0,TdT,TdT+,Right,Right: SI,5,0.0,0.0,0.0,0.0,,0
sigma2.0_nPeak2_prom500_min20.0_max250.0_exp5.0,TdT,TdT+,Right,Right: SMT,3,0.0,0.0,0.0,0.0,,0
sigma2.0_nPeak2_prom500_min20.0_max250.0_exp5.0,TdT,TdT+,Right,Right: SO,2,0.0,0.0,0.0,0.0,,0
sigma2.0_nPeak2_prom500_min20.0_max250.0_exp5.0,TdT,TdT+,Right,Right: SPA,2,0.0,0.0,0.0,0.0,,0
sigma2.0_nPeak2_prom500_min20.0_max250.0_exp5.0,TdT,TdT+,Right,Right: SS,3,0.0,0.0,0.0,0.0,,0
sigma2.0_nPeak2_prom500_min20.0_max250.0_exp5.0,TdT,TdT+,Right,Right: SSp,3,0.0,0.0,0.0,0.0,,0
sigma2.0_nPeak2_prom500_min20.0_max250.0_exp5.0,TdT,TdT+,Right,Right: SSp-bfd,3,0.0,0.0,0.0,0.0,,0
sigma2.0_nPeak2_prom500_min20.0_max250.0_exp5.0,TdT,TdT+,Right,Right: SSp-bfd1,2,0.0,0.0,0.0,0.0,,0
sigma2.0_nPeak2_prom500_min20.0_max250.0_exp5.0,TdT,TdT+,Right,Right: SSp-bfd2/3,2,0.0,0.0,0.0,0.0,,0
sigma2.0_nPeak2_prom500_min20.0_max250.0_exp5.0,TdT,TdT+,Right,Right: SSp-bfd4,2,0.0,0.0,0.0,0.0,,0
sigma2.0_nPeak2_prom500_min20.0_max250.0_exp5.0,TdT,TdT+,Right,Right: SSp-bfd5,3,0.0,0.0,0.0,0.0,,0
sigma2.0_nPeak2_prom500_min20.0_max250.0_exp5.0,TdT,TdT+,Right,Right: SSp-bfd6a,3,0.0,0.0,0.0,0.0,,0
sigma2.0_nPeak2_prom500_min20.0_max250.0_exp5.0,TdT,TdT+,Right,Right: SSp-bfd6b,3,0.0,0.0,0.0,0.0,,0
sigma2.0_nPeak2_prom500_min20.0_max250.0_exp5.0,TdT,TdT+,Right,Right: SSp-n,1,0.0,,0.0,0.0,,0
sigma2.0_nPeak2_prom500_min20.0_max250.0_exp5.0,TdT,TdT+,Right,Right: SSp-n6a,1,0.0,,0.0,0.0,,0
sigma2.0_nPeak2_prom500_min20.0_max250.0_exp5.0,TdT,TdT+,Right,Right: SSp-n6b,1,0.0,,0.0,0.0,,0
sigma2.0_nPeak2_prom500_min20.0_max250.0_exp5.0,TdT,TdT+,Right,Right: SSp-tr,2,0.0,0.0,0.0,0.0,,0
sigma2.0_nPeak2_prom500_min20.0_max250.0_exp5.0,TdT,TdT+,Right,Right: SSp-tr5,1,0.0,,0.0,0.0,,0
sigma2.0_nPeak2_prom500_min20.0_max250.0_exp5.0,TdT,TdT+,Right,Right: SSp-tr6a,2,0.0,0.0,0.0,0.0,,0
sigma2.0_nPeak2_prom500_min20.0_max250.0_exp5.0,TdT,TdT+,Right,Right: SSp-tr6b,2,0.0,0.0,0.0,0.0,,0
sigma2.0_nPeak2_prom500_min20.0_max250.0_exp5.0,TdT,TdT+,Right,Right: SSp-un,1,0.0,,0.0,0.0,,0
sigma2.0_nPeak2_prom500_min20.0_max250.0_exp5.0,TdT,TdT+,Right,Right: SSp-un6b,1,0.0,,0.0,0.0,,0
sigma2.0_nPeak2_prom500_min20.0_max250.0_exp5.0,TdT,TdT+,Right,Right: SSs,3,0.0,0.0,0.0,0.0,,0
sigma2.0_nPeak2_prom500_min20.0_max250.0_exp5.0,TdT,TdT+,Right,Right: SSs1,2,0.0,0.0,0.0,0.0,,0
sigma2.0_nPeak2_prom500_min20.0_max250.0_exp5.0,TdT,TdT+,Right,Right: SSs2/3,2,0.0,0.0,0.0,0.0,,0
sigma2.0_nPeak2_prom500_min20.0_max250.0_exp5.0,TdT,TdT+,Right,Right: SSs4,2,0.0,0.0,0.0,0.0,,0
sigma2.0_nPeak2_prom500_min20.0_max250.0_exp5.0,TdT,TdT+,Right,Right: SSs5,3,0.0,0.0,0.0,0.0,,0
sigma2.0_nPeak2_prom500_min20.0_max250.0_exp5.0,TdT,TdT+,Right,Right: SSs6a,3,0.0,0.0,0.0,0.0,,0
sigma2.0_nPeak2_prom500_min20.0_max250.0_exp5.0,TdT,TdT+,Right,Right: SSs6b,3,0.0,0.0,0.0,0.0,,0
sigma2.0_nPeak2_prom500_min20.0_max250.0_exp5.0,TdT,TdT+,Right,Right: STN,1,0.0,,0.0,0.0,,0
sigma2.0_nPeak2_prom500_min20.0_max250.0_exp5.0,TdT,TdT+,Right,Right: STR,5,0.0,0.0,0.0,0.0,,0
sigma2.0_nPeak2_prom500_min20.0_max250.0_exp5.0,TdT,TdT+,Right,Right: STRd,5,0.0,0.0,0.0,0.0,,0
sigma2.0_nPeak2_prom500_min20.0_max250.0_exp5.0,TdT,TdT+,Right,Right: STRv,3,0.0,0.0,0.0,0.0,,0
sigma2.0_nPeak2_prom500_min20.0_max250.0_exp5.0,TdT,TdT+,Right,Right: SUB,3,0.0,0.0,0.0,0.0,,0
sigma2.0_nPeak2_prom500_min20.0_max250.0_exp5.0,TdT,TdT+,Right,Right: TEa,3,0.0,0.0,0.0,0.0,,0
sigma2.0_nPeak2_prom500_min20.0_max250.0_exp5.0,TdT,TdT+,Right,Right: TEa1,3,0.0,0.0,0.0,0.0,,0
sigma2.0_nPeak2_prom500_min20.0_max250.0_exp5.0,TdT,TdT+,Right,Right: TEa2/3,3,0.0,0.0,0.0,0.0,,0
sigma2.0_nPeak2_prom500_min20.0_max250.0_exp5.0,TdT,TdT+,Right,Right: TEa4,3,0.0,0.0,0.0,0.0,,0
sigma2.0_nPeak2_prom500_min20.0_max250.0_exp5.0,TdT,TdT+,Right,Right: TEa5,3,0.0,0.0,0.0,0.0,,0
sigma2.0_nPeak2_prom500_min20.0_max250.0_exp5.0,TdT,TdT+,Right,Right: TEa6a,2,0.0,0.0,0.0,0.0,,0
sigma2.0_nPeak2_prom500_min20.0_max250.0_exp5.0,TdT,TdT+,Right,Right: TEa6b,2,0.0,0.0,0.0,0.0,,0
sigma2.0_nPeak2_prom500_min20.0_max250.0_exp5.0,TdT,TdT+,Right,Right: TH,5,0.0,0.0,0.0,0.0,,0
sigma2.0_nPeak2_prom500_min20.0_max250.0_exp5.0,TdT,TdT+,Right,Right: V3,5,0.0,0.0,0.0,0.0,,0
sigma2.0_nPeak2_prom500_min20.0_max250.0_exp5.0,TdT,TdT+,Right,Right: VAL,3,0.0,0.0,0.0,0.0,,0
sigma2.0_nPeak2_prom500_min20.0_max250.0_exp5.0,TdT,TdT+,Right,Right: VENT,4,0.0,0.0,0.0,0.0,,0
sigma2.0_nPeak2_prom500_min20.0_max250.0_exp5.0,TdT,TdT+,Right,Right: VIS,5,0.0,0.0,0.0,0.0,,0
sigma2.0_nPeak2_prom500_min20.0_max250.0_exp5.0,TdT,TdT+,Right,Right: VISC,5,0.0,0.0,0.0,0.0,,0
sigma2.0_nPeak2_prom500_min20.0_max250.0_exp5.0,TdT,TdT+,Right,Right: VISC1,4,0.0,0.0,0.0,0.0,,0
sigma2.0_nPeak2_prom500_min20.0_max250.0_exp5.0,TdT,TdT+,Right,Right: VISC2/3,4,0.0,0.0,0.0,0.0,,0
sigma2.0_nPeak2_prom500_min20.0_max250.0_exp5.0,TdT,TdT+,Right,Right: VISC4,4,0.0,0.0,0.0,0.0,,0
sigma2.0_nPeak2_prom500_min20.0_max250.0_exp5.0,TdT,TdT+,Right,Right: VISC5,4,0.0,0.0,0.0,0.0,,0
sigma2.0_nPeak2_prom500_min20.0_max250.0_exp5.0,TdT,TdT+,Right,Right: VISC6a,5,0.0,0.0,0.0,0.0,,0
sigma2.0_nPeak2_prom500_min20.0_max250.0_exp5.0,TdT,TdT+,Right,Right: VISC6b,5,0.0,0.0,0.0,0.0,,0
sigma2.0_nPeak2_prom500_min20.0_max250.0_exp5.0,TdT,TdT+,Right,Right: VISa,2,0.0,0.0,0.0,0.0,,0
sigma2.0_nPeak2_prom500_min20.0_max250.0_exp5.0,TdT,TdT+,Right,Right: VISa1,2,0.0,0.0,0.0,0.0,,0
sigma2.0_nPeak2_prom500_min20.0_max250.0_exp5.0,TdT,TdT+,Right,Right: VISa2/3,2,0.0,0.0,0.0,0.0,,0
sigma2.0_nPeak2_prom500_min20.0_max250.0_exp5.0,TdT,TdT+,Right,Right: VISa4,2,0.0,0.0,0.0,0.0,,0
sigma2.0_nPeak2_prom500_min20.0_max250.0_exp5.0,TdT,TdT+,Right,Right: VISa5,2,0.0,0.0,0.0,0.0,,0
sigma2.0_nPeak2_prom500_min20.0_max250.0_exp5.0,TdT,TdT+,Right,Right: VISa6a,2,0.0,0.0,0.0,0.0,,0
sigma2.0_nPeak2_prom500_min20.0_max250.0_exp5.0,TdT,TdT+,Right,Right: VISa6b,2,0.0,0.0,0.0,0.0,,0
sigma2.0_nPeak2_prom500_min20.0_max250.0_exp5.0,TdT,TdT+,Right,Right: VISal,3,0.0,0.0,0.0,0.0,,0
sigma2.0_nPeak2_prom500_min20.0_max250.0_exp5.0,TdT,TdT+,Right,Right: VISal1,3,0.0,0.0,0.0,0.0,,0
sigma2.0_nPeak2_prom500_min20.0_max250.0_exp5.0,TdT,TdT+,Right,Right: VISal2/3,3,0.0,0.0,0.0,0.0,,0
sigma2.0_nPeak2_prom500_min20.0_max250.0_exp5.0,TdT,TdT+,Right,Right: VISal4,3,0.0,0.0,0.0,0.0,,0
sigma2.0_nPeak2_prom500_min20.0_max250.0_exp5.0,TdT,TdT+,Right,Right: VISal5,3,0.0,0.0,0.0,0.0,,0
sigma2.0_nPeak2_prom500_min20.0_max250.0_exp5.0,TdT,TdT+,Right,Right: VISal6a,3,0.0,0.0,0.0,0.0,,0
sigma2.0_nPeak2_prom500_min20.0_max250.0_exp5.0,TdT,TdT+,Right,Right: VISal6b,2,0.0,0.0,0.0,0.0,,0
sigma2.0_nPeak2_prom500_min20.0_max250.0_exp5.0,TdT,TdT+,Right,Right: VISam,2,0.0,0.0,0.0,0.0,,0
sigma2.0_nPeak2_prom500_min20.0_max250.0_exp5.0,TdT,TdT+,Right,Right: VISam1,2,0.0,0.0,0.0,0.0,,0
sigma2.0_nPeak2_prom500_min20.0_max250.0_exp5.0,TdT,TdT+,Right,Right: VISam2/3,2,0.0,0.0,0.0,0.0,,0
sigma2.0_nPeak2_prom500_min20.0_max250.0_exp5.0,TdT,TdT+,Right,Right: VISam4,2,0.0,0.0,0.0,0.0,,0
sigma2.0_nPeak2_prom500_min20.0_max250.0_exp5.0,TdT,TdT+,Right,Right: VISam5,2,0.0,0.0,0.0,0.0,,0
sigma2.0_nPeak2_prom500_min20.0_max250.0_exp5.0,TdT,TdT+,Right,Right: VISam6a,2,0.0,0.0,0.0,0.0,,0
sigma2.0_nPeak2_prom500_min20.0_max250.0_exp5.0,TdT,TdT+,Right,Right: VISam6b,1,0.0,,0.0,0.0,,0
sigma2.0_nPeak2_prom500_min20.0_max250.0_exp5.0,TdT,TdT+,Right,Right: VISl,2,0.0,0.0,0.0,0.0,,0
sigma2.0_nPeak2_prom500_min20.0_max250.0_exp5.0,TdT,TdT+,Right,Right: VISl1,2,0.0,0.0,0.0,0.0,,0
sigma2.0_nPeak2_prom500_min20.0_max250.0_exp5.0,TdT,TdT+,Right,Right: VISl2/3,1,0.0,,0.0,0.0,,0
sigma2.0_nPeak2_prom500_min20.0_max250.0_exp5.0,TdT,TdT+,Right,Right: VISl4,1,0.0,,0.0,0.0,,0
sigma2.0_nPeak2_prom500_min20.0_max250.0_exp5.0,TdT,TdT+,Right,Right: VISl5,1,0.0,,0.0,0.0,,0
sigma2.0_nPeak2_prom500_min20.0_max250.0_exp5.0,TdT,TdT+,Right,Right: VISl6a,1,0.0,,0.0,0.0,,0
sigma2.0_nPeak2_prom500_min20.0_max250.0_exp5.0,TdT,TdT+,Right,Right: VISl6b,1,0.0,,0.0,0.0,,0
sigma2.0_nPeak2_prom500_min20.0_max250.0_exp5.0,TdT,TdT+,Right,Right: VISp,3,0.0,0.0,0.0,0.0,,0
sigma2.0_nPeak2_prom500_min20.0_max250.0_exp5.0,TdT,TdT+,Right,Right: VISp1,3,0.0,0.0,0.0,0.0,,0
sigma2.0_nPeak2_prom500_min20.0_max250.0_exp5.0,TdT,TdT+,Right,Right: VISp2/3,3,0.0,0.0,0.0,0.0,,0
sigma2.0_nPeak2_prom500_min20.0_max250.0_exp5.0,TdT,TdT+,Right,Right: VISp4,3,0.0,0.0,0.0,0.0,,0
sigma2.0_nPeak2_prom500_min20.0_max250.0_exp5.0,TdT,TdT+,Right,Right: VISp5,3,0.0,0.0,0.0,0.0,,0
sigma2.0_nPeak2_prom500_min20.0_max250.0_exp5.0,TdT,TdT+,Right,Right: VISp6a,3,0.0,0.0,0.0,0.0,,0
sigma2.0_nPeak2_prom500_min20.0_max250.0_exp5.0,TdT,TdT+,Right,Right: VISp6b,3,0.0,0.0,0.0,0.0,,0
sigma2.0_nPeak2_prom500_min20.0_max250.0_exp5.0,TdT,TdT+,Right,Right: VISpm,3,0.0,0.0,0.0,0.0,,0
sigma2.0_nPeak2_prom500_min20.0_max250.0_exp5.0,TdT,TdT+,Right,Right: VISpm1,3,0.0,0.0,0.0,0.0,,0
sigma2.0_nPeak2_prom500_min20.0_max250.0_exp5.0,TdT,TdT+,Right,Right: VISpm2/3,3,0.0,0.0,0.0,0.0,,0
sigma2.0_nPeak2_prom500_min20.0_max250.0_exp5.0,TdT,TdT+,Right,Right: VISpm4,3,0.0,0.0,0.0,0.0,,0
sigma2.0_nPeak2_prom500_min20.0_max250.0_exp5.0,TdT,TdT+,Right,Right: VISpm5,3,0.0,0.0,0.0,0.0,,0
sigma2.0_nPeak2_prom500_min20.0_max250.0_exp5.0,TdT,TdT+,Right,Right: VISpm6a,3,0.0,0.0,0.0,0.0,,0
sigma2.0_nPeak2_prom500_min20.0_max250.0_exp5.0,TdT,TdT+,Right,Right: VISpm6b,3,0.0,0.0,0.0,0.0,,0
sigma2.0_nPeak2_prom500_min20.0_max250.0_exp5.0,TdT,TdT+,Right,Right: VISrl,4,0.0,0.0,0.0,0.0,,0
sigma2.0_nPeak2_prom500_min20.0_max250.0_exp5.0,TdT,TdT+,Right,Right: VISrl1,3,0.0,0.0,0.0,0.0,,0
sigma2.0_nPeak2_prom500_min20.0_max250.0_exp5.0,TdT,TdT+,Right,Right: VISrl2/3,3,0.0,0.0,0.0,0.0,,0
sigma2.0_nPeak2_prom500_min20.0_max250.0_exp5.0,TdT,TdT+,Right,Right: VISrl4,3,0.0,0.0,0.0,0.0,,0
sigma2.0_nPeak2_prom500_min20.0_max250.0_exp5.0,TdT,TdT+,Right,Right: VISrl5,3,0.0,0.0,0.0,0.0,,0
sigma2.0_nPeak2_prom500_min20.0_max250.0_exp5.0,TdT,TdT+,Right,Right: VISrl6a,3,0.0,0.0,0.0,0.0,,0
sigma2.0_nPeak2_prom500_min20.0_max250.0_exp5.0,TdT,TdT+,Right,Right: VISrl6b,2,0.0,0.0,0.0,0.0,,0
sigma2.0_nPeak2_prom500_min20.0_max250.0_exp5.0,TdT,TdT+,Right,Right: VL,5,0.0,0.0,0.0,0.0,,0
sigma2.0_nPeak2_prom500_min20.0_max250.0_exp5.0,TdT,TdT+,Right,Right: VM,3,0.0,0.0,0.0,0.0,,0
sigma2.0_nPeak2_prom500_min20.0_max250.0_exp5.0,TdT,TdT+,Right,Right: VMH,1,0.0,,0.0,0.0,,0
sigma2.0_nPeak2_prom500_min20.0_max250.0_exp5.0,TdT,TdT+,Right,Right: VP,4,0.0,0.0,0.0,0.0,,0
sigma2.0_nPeak2_prom500_min20.0_max250.0_exp5.0,TdT,TdT+,Right,Right: VPL,4,0.0,0.0,0.0,0.0,,0
sigma2.0_nPeak2_prom500_min20.0_max250.0_exp5.0,TdT,TdT+,Right,Right: VPLpc,1,0.0,,0.0,0.0,,0
sigma2.0_nPeak2_prom500_min20.0_max250.0_exp5.0,TdT,TdT+,Right,Right: VPM,3,0.0,0.0,0.0,0.0,,0
sigma2.0_nPeak2_prom500_min20.0_max250.0_exp5.0,TdT,TdT+,Right,Right: VPMpc,1,0.0,,0.0,0.0,,0
sigma2.0_nPeak2_prom500_min20.0_max250.0_exp5.0,TdT,TdT+,Right,Right: VS,5,0.0,0.0,0.0,0.0,,0
sigma2.0_nPeak2_prom500_min20.0_max250.0_exp5.0,TdT,TdT+,Right,Right: Xi,3,0.0,0.0,0.0,0.0,,0
sigma2.0_nPeak2_prom500_min20.0_max250.0_exp5.0,TdT,TdT+,Right,Right: ZI,3,0.0,0.0,0.0,0.0,,0
sigma2.0_nPeak2_prom500_min20.0_max250.0_exp5.0,TdT,TdT+,Right,Right: aco,1,0.0,,0.0,0.0,,0
sigma2.0_nPeak2_prom500_min20.0_max250.0_exp5.0,TdT,TdT+,Right,Right: act,2,0.0,0.0,0.0,0.0,,0
sigma2.0_nPeak2_prom500_min20.0_max250.0_exp5.0,TdT,TdT+,Right,Right: alv,5,0.0,0.0,0.0,0.0,,0
sigma2.0_nPeak2_prom500_min20.0_max250.0_exp5.0,TdT,TdT+,Right,Right: amc,3,0.0,0.0,0.0,0.0,,0
sigma2.0_nPeak2_prom500_min20.0_max250.0_exp5.0,TdT,TdT+,Right,Right: ar,3,0.0,0.0,0.0,0.0,,0
sigma2.0_nPeak2_prom500_min20.0_max250.0_exp5.0,TdT,TdT+,Right,Right: bsc,3,0.0,0.0,0.0,0.0,,0
sigma2.0_nPeak2_prom500_min20.0_max250.0_exp5.0,TdT,TdT+,Right,Right: cc,5,0.0,0.0,0.0,0.0,,0
sigma2.0_nPeak2_prom500_min20.0_max250.0_exp5.0,TdT,TdT+,Right,Right: ccb,3,0.0,0.0,0.0,0.0,,0
sigma2.0_nPeak2_prom500_min20.0_max250.0_exp5.0,TdT,TdT+,Right,Right: ccs,5,0.0,0.0,0.0,0.0,,0
sigma2.0_nPeak2_prom500_min20.0_max250.0_exp5.0,TdT,TdT+,Right,Right: chpl,5,0.0,0.0,0.0,0.0,,0
sigma2.0_nPeak2_prom500_min20.0_max250.0_exp5.0,TdT,TdT+,Right,Right: cing,5,0.0,0.0,0.0,0.0,,0
sigma2.0_nPeak2_prom500_min20.0_max250.0_exp5.0,TdT,TdT+,Right,Right: cm,5,0.0,0.0,0.0,0.0,,0
sigma2.0_nPeak2_prom500_min20.0_max250.0_exp5.0,TdT,TdT+,Right,Right: cst,5,0.0,0.0,0.0,0.0,,0
sigma2.0_nPeak2_prom500_min20.0_max250.0_exp5.0,TdT,TdT+,Right,Right: dhc,5,0.0,0.0,0.0,0.0,,0
sigma2.0_nPeak2_prom500_min20.0_max250.0_exp5.0,TdT,TdT+,Right,Right: ec,5,0.0,0.0,0.0,0.0,,0
sigma2.0_nPeak2_prom500_min20.0_max250.0_exp5.0,TdT,TdT+,Right,Right: ee,3,0.0,0.0,0.0,0.0,,0
sigma2.0_nPeak2_prom500_min20.0_max250.0_exp5.0,TdT,TdT+,Right,Right: em,3,0.0,0.0,0.0,0.0,,0
sigma2.0_nPeak2_prom500_min20.0_max250.0_exp5.0,TdT,TdT+,Right,Right: eps,3,0.0,0.0,0.0,0.0,,0
sigma2.0_nPeak2_prom500_min20.0_max250.0_exp5.0,TdT,TdT+,Right,Right: epsc,3,0.0,0.0,0.0,0.0,,0
sigma2.0_nPeak2_prom500_min20.0_max250.0_exp5.0,TdT,TdT+,Right,Right: fa,5,0.0,0.0,0.0,0.0,,0
sigma2.0_nPeak2_prom500_min20.0_max250.0_exp5.0,TdT,TdT+,Right,Right: fi,5,0.0,0.0,0.0,0.0,,0
sigma2.0_nPeak2_prom500_min20.0_max250.0_exp5.0,TdT,TdT+,Right,Right: fiber tracts,5,0.0,0.0,0.0,0.0,,0
sigma2.0_nPeak2_prom500_min20.0_max250.0_exp5.0,TdT,TdT+,Right,Right: fp,3,0.0,0.0,0.0,0.0,,0
sigma2.0_nPeak2_prom500_min20.0_max250.0_exp5.0,TdT,TdT+,Right,Right: fr,3,0.0,0.0,0.0,0.0,,0
sigma2.0_nPeak2_prom500_min20.0_max250.0_exp5.0,TdT,TdT+,Right,Right: fx,5,0.0,0.0,0.0,0.0,,0
sigma2.0_nPeak2_prom500_min20.0_max250.0_exp5.0,TdT,TdT+,Right,Right: fxpo,5,0.0,0.0,0.0,0.0,,0
sigma2.0_nPeak2_prom500_min20.0_max250.0_exp5.0,TdT,TdT+,Right,Right: fxs,5,0.0,0.0,0.0,0.0,,0
sigma2.0_nPeak2_prom500_min20.0_max250.0_exp5.0,TdT,TdT+,Right,Right: grey,5,0.0,0.0,0.0,0.0,,0
sigma2.0_nPeak2_prom500_min20.0_max250.0_exp5.0,TdT,TdT+,Right,Right: hbc,1,0.0,,0.0,0.0,,0
sigma2.0_nPeak2_prom500_min20.0_max250.0_exp5.0,TdT,TdT+,Right,Right: hc,5,0.0,0.0,0.0,0.0,,0
sigma2.0_nPeak2_prom500_min20.0_max250.0_exp5.0,TdT,TdT+,Right,Right: int,5,0.0,0.0,0.0,0.0,,0
sigma2.0_nPeak2_prom500_min20.0_max250.0_exp5.0,TdT,TdT+,Right,Right: lfbs,5,0.0,0.0,0.0,0.0,,0
sigma2.0_nPeak2_prom500_min20.0_max250.0_exp5.0,TdT,TdT+,Right,Right: lfbst,5,0.0,0.0,0.0,0.0,,0
sigma2.0_nPeak2_prom500_min20.0_max250.0_exp5.0,TdT,TdT+,Right,Right: lot,5,0.0,0.0,0.0,0.0,,0
sigma2.0_nPeak2_prom500_min20.0_max250.0_exp5.0,TdT,TdT+,Right,Right: lotg,5,0.0,0.0,0.0,0.0,,0
sigma2.0_nPeak2_prom500_min20.0_max250.0_exp5.0,TdT,TdT+,Right,Right: mct,2,0.0,0.0,0.0,0.0,,0
sigma2.0_nPeak2_prom500_min20.0_max250.0_exp5.0,TdT,TdT+,Right,Right: mfb,2,0.0,0.0,0.0,0.0,,0
sigma2.0_nPeak2_prom500_min20.0_max250.0_exp5.0,TdT,TdT+,Right,Right: mfbc,5,0.0,0.0,0.0,0.0,,0
sigma2.0_nPeak2_prom500_min20.0_max250.0_exp5.0,TdT,TdT+,Right,Right: mfbs,5,0.0,0.0,0.0,0.0,,0
sigma2.0_nPeak2_prom500_min20.0_max250.0_exp5.0,TdT,TdT+,Right,Right: mfbse,5,0.0,0.0,0.0,0.0,,0
sigma2.0_nPeak2_prom500_min20.0_max250.0_exp5.0,TdT,TdT+,Right,Right: mfbsma,3,0.0,0.0,0.0,0.0,,0
sigma2.0_nPeak2_prom500_min20.0_max250.0_exp5.0,TdT,TdT+,Right,Right: mfsbshy,5,0.0,0.0,0.0,0.0,,0
sigma2.0_nPeak2_prom500_min20.0_max250.0_exp5.0,TdT,TdT+,Right,Right: mtt,3,0.0,0.0,0.0,0.0,,0
sigma2.0_nPeak2_prom500_min20.0_max250.0_exp5.0,TdT,TdT+,Right,Right: nst,3,0.0,0.0,0.0,0.0,,0
sigma2.0_nPeak2_prom500_min20.0_max250.0_exp5.0,TdT,TdT+,Right,Right: och,3,0.0,0.0,0.0,0.0,,0
sigma2.0_nPeak2_prom500_min20.0_max250.0_exp5.0,TdT,TdT+,Right,Right: opt,3,0.0,0.0,0.0,0.0,,0
sigma2.0_nPeak2_prom500_min20.0_max250.0_exp5.0,TdT,TdT+,Right,Right: or,5,0.0,0.0,0.0,0.0,,0
sigma2.0_nPeak2_prom500_min20.0_max250.0_exp5.0,TdT,TdT+,Right,Right: pc,2,0.0,0.0,0.0,0.0,,0
sigma2.0_nPeak2_prom500_min20.0_max250.0_exp5.0,TdT,TdT+,Right,Right: root,5,0.0,0.0,0.0,0.0,,0
sigma2.0_nPeak2_prom500_min20.0_max250.0_exp5.0,TdT,TdT+,Right,Right: sAMY,3,0.0,0.0,0.0,0.0,,0
sigma2.0_nPeak2_prom500_min20.0_max250.0_exp5.0,TdT,TdT+,Right,Right: scwm,5,0.0,0.0,0.0,0.0,,0
sigma2.0_nPeak2_prom500_min20.0_max250.0_exp5.0,TdT,TdT+,Right,Right: sm,2,0.0,0.0,0.0,0.0,,0
sigma2.0_nPeak2_prom500_min20.0_max250.0_exp5.0,TdT,TdT+,Right,Right: st,5,0.0,0.0,0.0,0.0,,0
sigma2.0_nPeak2_prom500_min20.0_max250.0_exp5.0,TdT,TdT+,Right,Right: stc,2,0.0,0.0,0.0,0.0,,0
sigma2.0_nPeak2_prom500_min20.0_max250.0_exp5.0,TdT,TdT+,Right,Right: sup,1,0.0,,0.0,0.0,,0
sigma2.0_nPeak2_prom500_min20.0_max250.0_exp5.0,TdT,TdT+,,allen_mouse_10um_java,5,0.0,0.0,0.0,0.0,,0
